{"stats":{"minecraft:used":{"minecraft:azalea":4,"minecraft:armor_stand":2,"minecraft:tropical_fish":33,"minecraft:redstone":11,"minecraft:stone_shovel":131,"minecraft:chest":13,"minecraft:shield":23,"minecraft:iron_sword":346,"minecraft:cooked_chicken":1,"minecraft:rotten_flesh":22,"minecraft:stone_hoe":64,"minecraft:iron_chestplate":2,"minecraft:torch":52,"minecraft:dirt":120,"minecraft:cobblestone_wall":49,"minecraft:axolotl_bucket":6,"minecraft:big_dripleaf":1,"minecraft:wooden_axe":15,"minecraft:flowering_azalea":1,"minecraft:iron_axe":140,"minecraft:iron_helmet":1,"minecraft:iron_boots":2,"minecraft:stone_bricks":16,"minecraft:oak_sapling":2,"minecraft:furnace":8,"minecraft:cooked_beef":11,"minecraft:cobbled_deepslate":39,"minecraft:iron_leggings":1,"minecraft:wheat_seeds":37,"minecraft:cooked_mutton":16,"minecraft:water_bucket":20,"minecraft:cobblestone_stairs":42,"minecraft:birch_planks":11,"minecraft:stone_pickaxe":258,"minecraft:wooden_pickaxe":14,"minecraft:salmon":6,"minecraft:glow_berries":19,"minecraft:crafting_table":6,"minecraft:blast_furnace":2,"minecraft:dripstone_block":5,"minecraft:smoker":3,"minecraft:apple":1,"minecraft:bread":1,"minecraft:iron_pickaxe":902,"minecraft:stone_axe":23,"minecraft:cobblestone":345,"minecraft:cooked_porkchop":7,"minecraft:bucket":26,"minecraft:smooth_stone_slab":1,"minecraft:bone_meal":7,"minecraft:smooth_stone":18},"minecraft:broken":{"minecraft:stone_pickaxe":2,"minecraft:iron_sword":1,"minecraft:iron_pickaxe":3,"minecraft:stone_shovel":1},"minecraft:killed_by":{"minecraft:creeper":1,"minecraft:zombie":1},"minecraft:crafted":{"minecraft:smooth_stone":29,"minecraft:oak_planks":96,"minecraft:stone_shovel":1,"minecraft:smooth_stone_slab":6,"minecraft:leather_boots":1,"minecraft:cooked_chicken":1,"minecraft:furnace":9,"minecraft:blast_furnace":2,"minecraft:cobblestone_stairs":36,"minecraft:stone":26,"minecraft:bone_meal":27,"minecraft:cooked_mutton":23,"minecraft:iron_boots":1,"minecraft:iron_axe":1,"minecraft:stone_pickaxe":2,"minecraft:cobblestone_wall":48,"minecraft:chest":12,"minecraft:stone_hoe":1,"minecraft:stone_bricks":16,"minecraft:smoker":1,"minecraft:cooked_beef":11,"minecraft:cooked_porkchop":9,"minecraft:crafting_table":4,"minecraft:wooden_pickaxe":1,"minecraft:iron_helmet":1,"minecraft:iron_sword":3,"minecraft:leather_helmet":1,"minecraft:birch_planks":36,"minecraft:bucket":3,"minecraft:stone_axe":2,"minecraft:air":0,"minecraft:jungle_planks":32,"minecraft:iron_chestplate":1,"minecraft:diamond_pickaxe":1,"minecraft:shield":1,"minecraft:stick":42,"minecraft:iron_ingot":40,"minecraft:iron_pickaxe":5,"minecraft:wooden_axe":1,"minecraft:iron_leggings":1,"minecraft:armor_stand":1,"minecraft:acacia_planks":16,"minecraft:torch":48},"minecraft:mined":{"minecraft:tuff":1,"minecraft:farmland":1,"minecraft:deepslate_diamond_ore":6,"minecraft:cobblestone_stairs":6,"minecraft:glow_lichen":1,"minecraft:granite":1,"minecraft:acacia_log":4,"minecraft:grass_block":22,"minecraft:jungle_log":10,"minecraft:redstone_wire":2,"minecraft:moss_block":1,"minecraft:spawner":1,"minecraft:smooth_stone":6,"minecraft:spore_blossom":1,"minecraft:furnace":1,"minecraft:iron_ore":125,"minecraft:cobbled_deepslate":6,"minecraft:pumpkin":1,"minecraft:deepslate_lapis_ore":12,"minecraft:pointed_dripstone":71,"minecraft:cave_vines":3,"minecraft:deepslate_iron_ore":15,"minecraft:bamboo":2,"minecraft:azalea":7,"minecraft:stone":710,"minecraft:deepslate_redstone_ore":2,"minecraft:flowering_azalea":1,"minecraft:smoker":1,"minecraft:clay":5,"minecraft:crafting_table":3,"minecraft:torch":6,"minecraft:emerald_ore":2,"minecraft:melon":10,"minecraft:chest":1,"minecraft:sculk_sensor":1,"minecraft:tall_grass":5,"minecraft:copper_ore":5,"minecraft:cobblestone":30,"minecraft:deepslate_gold_ore":2,"minecraft:lapis_ore":1,"minecraft:sculk":6,"minecraft:wall_torch":4,"minecraft:cobblestone_wall":1,"minecraft:birch_log":33,"minecraft:wheat":1,"minecraft:birch_leaves":1,"minecraft:grass":256,"minecraft:oak_log":63,"minecraft:coal_ore":103,"minecraft:cocoa":1,"minecraft:gravel":40,"minecraft:dripstone_block":17,"minecraft:dirt":105,"minecraft:oak_leaves":21,"minecraft:deepslate":27,"minecraft:fern":1},"minecraft:killed":{"minecraft:spider":13,"minecraft:skeleton":23,"minecraft:chicken":13,"minecraft:tropical_fish":5,"minecraft:pig":13,"minecraft:salmon":6,"minecraft:creeper":3,"minecraft:sheep":29,"minecraft:zombie":28,"minecraft:cow":15},"minecraft:dropped":{"minecraft:iron_sword":2,"minecraft:wheat_seeds":7,"minecraft:glow_ink_sac":10,"minecraft:spore_blossom":1,"minecraft:dripstone_block":9,"minecraft:golden_apple":1,"minecraft:wooden_axe":1,"minecraft:smooth_stone":1,"minecraft:string":4,"minecraft:redstone":9,"minecraft:gravel":84,"minecraft:stone_axe":3,"minecraft:raw_copper":8,"minecraft:birch_sapling":2,"minecraft:pointed_dripstone":31,"minecraft:big_dripleaf":1,"minecraft:gunpowder":3,"minecraft:spider_eye":5},"minecraft:picked_up":{"minecraft:cocoa_beans":3,"minecraft:crafting_table":3,"minecraft:iron_chestplate":1,"minecraft:chicken":13,"minecraft:clay_ball":20,"minecraft:wooden_pickaxe":1,"minecraft:pink_wool":1,"minecraft:shield":1,"minecraft:string":19,"minecraft:raw_copper":22,"minecraft:iron_axe":1,"minecraft:iron_leggings":1,"minecraft:armor_stand":1,"minecraft:cobbled_deepslate":39,"minecraft:smooth_stone":18,"minecraft:beef":36,"minecraft:azalea":4,"minecraft:iron_pickaxe":2,"minecraft:light_gray_wool":3,"minecraft:melon_slice":38,"minecraft:chest":2,"minecraft:birch_sapling":2,"minecraft:furnace":2,"minecraft:iron_boots":1,"minecraft:egg":7,"minecraft:stick":24,"minecraft:raw_iron":184,"minecraft:big_dripleaf":2,"minecraft:torch":24,"minecraft:acacia_log":4,"minecraft:porkchop":25,"minecraft:pointed_dripstone":116,"minecraft:redstone":29,"minecraft:rotten_flesh":38,"minecraft:arrow":29,"minecraft:stone_shovel":1,"minecraft:tropical_fish":33,"minecraft:glow_berries":19,"minecraft:mutton":41,"minecraft:cobblestone":1071,"minecraft:white_wool":21,"minecraft:birch_log":33,"minecraft:feather":16,"minecraft:salmon":6,"minecraft:glow_ink_sac":24,"minecraft:water_bucket":2,"minecraft:jungle_log":10,"minecraft:leather":12,"minecraft:smoker":2,"minecraft:flint":7,"minecraft:oak_log":66,"minecraft:cobblestone_wall":1,"minecraft:gunpowder":7,"minecraft:cobblestone_stairs":6,"minecraft:lapis_lazuli":87,"minecraft:dirt":164,"minecraft:bone":26,"minecraft:apple":1,"minecraft:stone_bricks":3,"minecraft:bow":1,"minecraft:wheat_seeds":82,"minecraft:spore_blossom":1,"minecraft:raw_gold":1,"minecraft:stone_pickaxe":1,"minecraft:iron_ingot":11,"minecraft:bamboo":21,"minecraft:flowering_azalea":1,"minecraft:stone_hoe":1,"minecraft:iron_sword":2,"minecraft:pumpkin":1,"minecraft:dripstone_block":58,"minecraft:gravel":121,"minecraft:jungle_planks":16,"minecraft:spider_eye":6,"minecraft:diamond":6,"minecraft:stone_axe":4,"minecraft:iron_helmet":1,"minecraft:granite":1,"minecraft:bone_meal":4,"minecraft:gray_wool":2,"minecraft:emerald":2,"minecraft:black_wool":2,"minecraft:oak_sapling":12,"minecraft:coal":135},"minecraft:custom":{"minecraft:mob_kills":153,"minecraft:interact_with_crafting_table":55,"minecraft:leave_game":4,"minecraft:time_since_death":63691,"minecraft:climb_one_cm":2650,"minecraft:sprint_one_cm":664678,"minecraft:walk_one_cm":457209,"minecraft:damage_blocked_by_shield":620,"minecraft:drop":42,"minecraft:play_time":193168,"minecraft:deaths":2,"minecraft:sneak_time":12622,"minecraft:walk_under_water_one_cm":6824,"minecraft:jump":5283,"minecraft:interact_with_blast_furnace":3,"minecraft:walk_on_water_one_cm":20174,"minecraft:total_world_time":193168,"minecraft:interact_with_furnace":50,"minecraft:sleep_in_bed":2,"minecraft:time_since_rest":25422,"minecraft:damage_taken":3004,"minecraft:damage_dealt":20655,"minecraft:swim_one_cm":12544,"minecraft:fly_one_cm":939917,"minecraft:open_chest":88,"minecraft:crouch_one_cm":45138,"minecraft:interact_with_smoker":10,"minecraft:fall_one_cm":174931,"minecraft:horse_one_cm":188501}},"DataVersion":3465}