{"stats":{"minecraft:used":{"minecraft:cooked_mutton":3,"minecraft:birch_planks":11,"minecraft:stone_pickaxe":136,"minecraft:shield":9,"minecraft:chest":2,"minecraft:wooden_pickaxe":14,"minecraft:iron_sword":54,"minecraft:iron_chestplate":1,"minecraft:torch":11,"minecraft:dirt":43,"minecraft:crafting_table":3,"minecraft:smoker":3,"minecraft:wooden_axe":15,"minecraft:apple":1,"minecraft:iron_axe":68,"minecraft:iron_pickaxe":97,"minecraft:iron_helmet":1,"minecraft:iron_boots":1,"minecraft:stone_axe":20,"minecraft:cobblestone":22,"minecraft:furnace":2,"minecraft:cooked_beef":9,"minecraft:iron_leggings":1},"minecraft:killed_by":{"minecraft:zombie":1},"minecraft:broken":{"minecraft:stone_pickaxe":1},"minecraft:mined":{"minecraft:smoker":1,"minecraft:crafting_table":1,"minecraft:emerald_ore":2,"minecraft:grass_block":9,"minecraft:jungle_log":10,"minecraft:cobblestone":7,"minecraft:birch_log":4,"minecraft:iron_ore":91,"minecraft:birch_leaves":1,"minecraft:grass":4,"minecraft:pointed_dripstone":1,"minecraft:oak_log":45,"minecraft:coal_ore":66,"minecraft:cocoa":1,"minecraft:dirt":6,"minecraft:bamboo":1,"minecraft:stone":74,"minecraft:oak_leaves":18},"minecraft:crafted":{"minecraft:cooked_beef":9,"minecraft:oak_planks":12,"minecraft:crafting_table":2,"minecraft:iron_helmet":1,"minecraft:wooden_pickaxe":1,"minecraft:iron_sword":1,"minecraft:furnace":2,"minecraft:birch_planks":16,"minecraft:stone_axe":2,"minecraft:cooked_mutton":3,"minecraft:air":0,"minecraft:jungle_planks":32,"minecraft:iron_chestplate":1,"minecraft:iron_boots":1,"minecraft:shield":1,"minecraft:iron_axe":1,"minecraft:stick":12,"minecraft:iron_ingot":35,"minecraft:iron_pickaxe":1,"minecraft:stone_pickaxe":2,"minecraft:wooden_axe":1,"minecraft:iron_leggings":1,"minecraft:chest":2,"minecraft:torch":16,"minecraft:smoker":1},"minecraft:killed":{"minecraft:pig":4,"minecraft:spider":5,"minecraft:sheep":3,"minecraft:skeleton":13,"minecraft:zombie":5,"minecraft:chicken":1,"minecraft:cow":4},"minecraft:dropped":{"minecraft:stone_axe":2,"minecraft:wooden_axe":1,"minecraft:spider_eye":1},"minecraft:picked_up":{"minecraft:birch_log":4,"minecraft:cocoa_beans":3,"minecraft:crafting_table":1,"minecraft:feather":2,"minecraft:chicken":1,"minecraft:jungle_log":10,"minecraft:leather":2,"minecraft:wooden_pickaxe":1,"minecraft:smoker":2,"minecraft:oak_log":48,"minecraft:dirt":50,"minecraft:string":7,"minecraft:bone":19,"minecraft:apple":1,"minecraft:bow":1,"minecraft:beef":18,"minecraft:iron_ingot":11,"minecraft:stone_pickaxe":1,"minecraft:light_gray_wool":2,"minecraft:bamboo":9,"minecraft:egg":1,"minecraft:furnace":1,"minecraft:raw_iron":115,"minecraft:stick":15,"minecraft:torch":2,"minecraft:dripstone_block":8,"minecraft:porkchop":9,"minecraft:jungle_planks":16,"minecraft:pointed_dripstone":10,"minecraft:spider_eye":1,"minecraft:arrow":16,"minecraft:rotten_flesh":4,"minecraft:stone_axe":2,"minecraft:emerald":2,"minecraft:oak_sapling":7,"minecraft:mutton":5,"minecraft:coal":94,"minecraft:white_wool":1,"minecraft:cobblestone":148},"minecraft:custom":{"minecraft:interact_with_furnace":12,"minecraft:mob_kills":36,"minecraft:interact_with_crafting_table":20,"minecraft:leave_game":1,"minecraft:time_since_death":34400,"minecraft:climb_one_cm":1409,"minecraft:time_since_rest":34468,"minecraft:sprint_one_cm":183229,"minecraft:damage_taken":1168,"minecraft:walk_one_cm":99621,"minecraft:damage_blocked_by_shield":270,"minecraft:drop":4,"minecraft:damage_dealt":5657,"minecraft:fly_one_cm":248342,"minecraft:open_chest":12,"minecraft:crouch_one_cm":6087,"minecraft:play_time":48517,"minecraft:deaths":1,"minecraft:sneak_time":2054,"minecraft:walk_under_water_one_cm":303,"minecraft:jump":1543,"minecraft:walk_on_water_one_cm":903,"minecraft:interact_with_smoker":7,"minecraft:total_world_time":48517,"minecraft:fall_one_cm":53520}},"DataVersion":3465}