{"stats":{"minecraft:used":{"minecraft:stone_pickaxe":136,"minecraft:chest":2,"minecraft:wooden_pickaxe":14,"minecraft:torch":6,"minecraft:dirt":43,"minecraft:crafting_table":2,"minecraft:smoker":3,"minecraft:wooden_axe":15,"minecraft:iron_axe":33,"minecraft:iron_pickaxe":86,"minecraft:stone_axe":20,"minecraft:cobblestone":1,"minecraft:furnace":2,"minecraft:cooked_beef":4},"minecraft:killed_by":{"minecraft:zombie":1},"minecraft:broken":{"minecraft:stone_pickaxe":1},"minecraft:mined":{"minecraft:smoker":1,"minecraft:crafting_table":1,"minecraft:emerald_ore":2,"minecraft:grass_block":8,"minecraft:jungle_log":10,"minecraft:birch_log":4,"minecraft:iron_ore":89,"minecraft:birch_leaves":1,"minecraft:grass":3,"minecraft:oak_log":25,"minecraft:coal_ore":66,"minecraft:cocoa":1,"minecraft:dirt":6,"minecraft:bamboo":1,"minecraft:stone":73,"minecraft:oak_leaves":16},"minecraft:crafted":{"minecraft:cooked_beef":9,"minecraft:crafting_table":1,"minecraft:wooden_pickaxe":1,"minecraft:furnace":2,"minecraft:birch_planks":16,"minecraft:stone_axe":2,"minecraft:air":0,"minecraft:jungle_planks":32,"minecraft:iron_axe":1,"minecraft:stick":12,"minecraft:iron_ingot":20,"minecraft:iron_pickaxe":1,"minecraft:stone_pickaxe":2,"minecraft:wooden_axe":1,"minecraft:chest":2,"minecraft:torch":8,"minecraft:smoker":1},"minecraft:killed":{"minecraft:spider":1,"minecraft:sheep":2,"minecraft:skeleton":3,"minecraft:zombie":2,"minecraft:cow":4},"minecraft:dropped":{"minecraft:stone_axe":2,"minecraft:wooden_axe":1,"minecraft:spider_eye":1},"minecraft:picked_up":{"minecraft:birch_log":4,"minecraft:cocoa_beans":3,"minecraft:crafting_table":1,"minecraft:jungle_log":10,"minecraft:leather":2,"minecraft:wooden_pickaxe":1,"minecraft:smoker":2,"minecraft:oak_log":28,"minecraft:dirt":46,"minecraft:string":6,"minecraft:bone":9,"minecraft:apple":1,"minecraft:beef":18,"minecraft:iron_ingot":11,"minecraft:stone_pickaxe":1,"minecraft:light_gray_wool":1,"minecraft:bamboo":9,"minecraft:furnace":1,"minecraft:raw_iron":113,"minecraft:stick":8,"minecraft:torch":2,"minecraft:jungle_planks":16,"minecraft:spider_eye":1,"minecraft:arrow":2,"minecraft:rotten_flesh":2,"minecraft:stone_axe":2,"minecraft:emerald":2,"minecraft:oak_sapling":5,"minecraft:mutton":3,"minecraft:coal":90,"minecraft:white_wool":1,"minecraft:cobblestone":131},"minecraft:custom":{"minecraft:interact_with_furnace":5,"minecraft:mob_kills":12,"minecraft:interact_with_crafting_table":13,"minecraft:leave_game":1,"minecraft:time_since_death":15719,"minecraft:climb_one_cm":1295,"minecraft:time_since_rest":15787,"minecraft:sprint_one_cm":85626,"minecraft:damage_taken":525,"minecraft:walk_one_cm":73306,"minecraft:drop":4,"minecraft:damage_dealt":1723,"minecraft:fly_one_cm":100348,"minecraft:open_chest":4,"minecraft:crouch_one_cm":1773,"minecraft:play_time":29836,"minecraft:deaths":1,"minecraft:sneak_time":623,"minecraft:jump":727,"minecraft:walk_on_water_one_cm":452,"minecraft:interact_with_smoker":4,"minecraft:total_world_time":29836,"minecraft:fall_one_cm":19821}},"DataVersion":3465}