{"stats":{"minecraft:used":{"minecraft:stone_pickaxe":136,"minecraft:chest":2,"minecraft:wooden_pickaxe":14,"minecraft:torch":11,"minecraft:dirt":43,"minecraft:crafting_table":3,"minecraft:smoker":3,"minecraft:wooden_axe":15,"minecraft:iron_axe":50,"minecraft:iron_pickaxe":96,"minecraft:stone_axe":20,"minecraft:cobblestone":17,"minecraft:furnace":2,"minecraft:cooked_beef":7},"minecraft:killed_by":{"minecraft:zombie":1},"minecraft:broken":{"minecraft:stone_pickaxe":1},"minecraft:mined":{"minecraft:smoker":1,"minecraft:crafting_table":1,"minecraft:emerald_ore":2,"minecraft:grass_block":9,"minecraft:jungle_log":10,"minecraft:cobblestone":7,"minecraft:birch_log":4,"minecraft:iron_ore":91,"minecraft:birch_leaves":1,"minecraft:grass":3,"minecraft:oak_log":29,"minecraft:coal_ore":66,"minecraft:cocoa":1,"minecraft:dirt":6,"minecraft:bamboo":1,"minecraft:stone":74,"minecraft:oak_leaves":18},"minecraft:crafted":{"minecraft:cooked_beef":9,"minecraft:crafting_table":2,"minecraft:wooden_pickaxe":1,"minecraft:furnace":2,"minecraft:birch_planks":16,"minecraft:stone_axe":2,"minecraft:air":0,"minecraft:jungle_planks":32,"minecraft:iron_axe":1,"minecraft:stick":12,"minecraft:iron_ingot":20,"minecraft:iron_pickaxe":1,"minecraft:stone_pickaxe":2,"minecraft:wooden_axe":1,"minecraft:chest":2,"minecraft:torch":16,"minecraft:smoker":1},"minecraft:killed":{"minecraft:spider":3,"minecraft:sheep":2,"minecraft:skeleton":4,"minecraft:zombie":4,"minecraft:cow":4},"minecraft:dropped":{"minecraft:stone_axe":2,"minecraft:wooden_axe":1,"minecraft:spider_eye":1},"minecraft:picked_up":{"minecraft:birch_log":4,"minecraft:cocoa_beans":3,"minecraft:crafting_table":1,"minecraft:jungle_log":10,"minecraft:leather":2,"minecraft:wooden_pickaxe":1,"minecraft:smoker":2,"minecraft:oak_log":32,"minecraft:dirt":50,"minecraft:string":6,"minecraft:bone":11,"minecraft:apple":1,"minecraft:bow":1,"minecraft:beef":18,"minecraft:iron_ingot":11,"minecraft:stone_pickaxe":1,"minecraft:light_gray_wool":1,"minecraft:bamboo":9,"minecraft:furnace":1,"minecraft:raw_iron":115,"minecraft:stick":8,"minecraft:torch":2,"minecraft:dripstone_block":8,"minecraft:jungle_planks":16,"minecraft:pointed_dripstone":2,"minecraft:spider_eye":1,"minecraft:arrow":5,"minecraft:rotten_flesh":3,"minecraft:stone_axe":2,"minecraft:emerald":2,"minecraft:oak_sapling":5,"minecraft:mutton":3,"minecraft:coal":94,"minecraft:white_wool":1,"minecraft:cobblestone":148},"minecraft:custom":{"minecraft:interact_with_furnace":5,"minecraft:mob_kills":18,"minecraft:interact_with_crafting_table":13,"minecraft:leave_game":1,"minecraft:time_since_death":22400,"minecraft:climb_one_cm":1409,"minecraft:time_since_rest":22468,"minecraft:sprint_one_cm":116484,"minecraft:damage_taken":795,"minecraft:walk_one_cm":83478,"minecraft:drop":4,"minecraft:damage_dealt":2726,"minecraft:fly_one_cm":154668,"minecraft:open_chest":6,"minecraft:crouch_one_cm":3919,"minecraft:play_time":36517,"minecraft:deaths":1,"minecraft:sneak_time":1497,"minecraft:walk_under_water_one_cm":303,"minecraft:jump":990,"minecraft:walk_on_water_one_cm":903,"minecraft:interact_with_smoker":4,"minecraft:total_world_time":36517,"minecraft:fall_one_cm":34287}},"DataVersion":3465}