{"stats":{"minecraft:used":{"minecraft:moss_block":3,"minecraft:poppy":15,"minecraft:chest":13,"minecraft:shield":51,"minecraft:iron_sword":1097,"minecraft:rotten_flesh":29,"minecraft:iron_chestplate":2,"minecraft:lily_of_the_valley":22,"minecraft:axolotl_bucket":6,"minecraft:milk_bucket":1,"minecraft:big_dripleaf":1,"minecraft:iron_helmet":1,"minecraft:pink_wool":1,"minecraft:stone_bricks":16,"minecraft:bow":1,"minecraft:furnace":10,"minecraft:oak_sapling":2,"minecraft:egg":1,"minecraft:potato":8,"minecraft:seagrass":2,"minecraft:stone_pickaxe":258,"minecraft:oak_planks":56,"minecraft:wooden_pickaxe":14,"minecraft:sugar_cane":22,"minecraft:white_wool":3,"minecraft:glow_berries":20,"minecraft:sand":1,"minecraft:blast_furnace":2,"minecraft:dripstone_block":9,"minecraft:cobbled_deepslate_stairs":15,"minecraft:bread":15,"minecraft:brown_wool":1,"minecraft:gravel":1,"minecraft:fire_charge":1,"minecraft:smooth_stone_slab":5,"minecraft:bone_meal":8,"minecraft:azalea":4,"minecraft:enchanting_table":2,"minecraft:tropical_fish":59,"minecraft:armor_stand":2,"minecraft:stone_shovel":131,"minecraft:redstone":11,"minecraft:cooked_chicken":19,"minecraft:stone_hoe":64,"minecraft:torch":63,"minecraft:brewing_stand":1,"minecraft:dirt":151,"minecraft:cobblestone_wall":49,"minecraft:wooden_axe":15,"minecraft:flowering_azalea":1,"minecraft:bookshelf":8,"minecraft:iron_axe":213,"minecraft:iron_boots":2,"minecraft:barrel":3,"minecraft:cooked_beef":16,"minecraft:acacia_planks":61,"minecraft:cobbled_deepslate":150,"minecraft:pointed_dripstone":1,"minecraft:iron_leggings":1,"minecraft:wheat_seeds":41,"minecraft:cooked_mutton":41,"minecraft:water_bucket":89,"minecraft:cobblestone_stairs":42,"minecraft:birch_planks":18,"minecraft:glass_bottle":3,"minecraft:salmon":6,"minecraft:crafting_table":12,"minecraft:red_bed":1,"minecraft:white_bed":3,"minecraft:campfire":3,"minecraft:smoker":4,"minecraft:diamond_pickaxe":381,"minecraft:apple":1,"minecraft:iron_pickaxe":1030,"minecraft:stone_axe":81,"minecraft:cobblestone":463,"minecraft:cooked_porkchop":18,"minecraft:bucket":97,"minecraft:dandelion":13,"minecraft:smooth_stone":19},"minecraft:crafted":{"minecraft:oak_planks":220,"minecraft:smooth_stone":29,"minecraft:cooked_chicken":36,"minecraft:stone":26,"minecraft:cobblestone_stairs":36,"minecraft:bookshelf":8,"minecraft:cooked_mutton":167,"minecraft:glass":18,"minecraft:iron_boots":1,"minecraft:chest":12,"minecraft:stone_hoe":1,"minecraft:stone_bricks":16,"minecraft:smoker":2,"minecraft:glass_bottle":6,"minecraft:cooked_porkchop":126,"minecraft:crafting_table":8,"minecraft:wooden_pickaxe":1,"minecraft:iron_helmet":1,"minecraft:birch_planks":44,"minecraft:campfire":3,"minecraft:diamond_pickaxe":1,"minecraft:iron_chestplate":1,"minecraft:book":26,"minecraft:paper":78,"minecraft:shield":1,"minecraft:stick":62,"minecraft:iron_ingot":44,"minecraft:iron_pickaxe":6,"minecraft:gold_ingot":10,"minecraft:stone_shovel":1,"minecraft:smooth_stone_slab":6,"minecraft:leather_boots":1,"minecraft:furnace":12,"minecraft:blast_furnace":2,"minecraft:bone_meal":27,"minecraft:iron_axe":1,"minecraft:stone_pickaxe":2,"minecraft:cobblestone_wall":48,"minecraft:cobbled_deepslate_stairs":40,"minecraft:wheat":234,"minecraft:cooked_beef":132,"minecraft:enchanting_table":1,"minecraft:iron_sword":7,"minecraft:leather_helmet":1,"minecraft:bucket":3,"minecraft:stone_axe":2,"minecraft:bread":80,"minecraft:air":0,"minecraft:jungle_planks":40,"minecraft:wooden_axe":1,"minecraft:iron_leggings":1,"minecraft:armor_stand":1,"minecraft:white_bed":1,"minecraft:acacia_planks":84,"minecraft:torch":48},"minecraft:custom":{"minecraft:animals_bred":2,"minecraft:interact_with_crafting_table":90,"minecraft:open_barrel":14,"minecraft:bell_ring":20,"minecraft:leave_game":12,"minecraft:time_since_death":336655,"minecraft:sprint_one_cm":1549060,"minecraft:damage_blocked_by_shield":1367,"minecraft:drop":101,"minecraft:talked_to_villager":1,"minecraft:play_time":466132,"minecraft:deaths":2,"minecraft:jump":13170,"minecraft:interact_with_brewingstand":1,"minecraft:walk_on_water_one_cm":63794,"minecraft:interact_with_furnace":90,"minecraft:sleep_in_bed":3,"minecraft:damage_dealt":61293,"minecraft:crouch_one_cm":100479,"minecraft:interact_with_smoker":50,"minecraft:horse_one_cm":1629069,"minecraft:interact_with_smithing_table":1,"minecraft:mob_kills":507,"minecraft:climb_one_cm":4082,"minecraft:walk_one_cm":868564,"minecraft:sneak_time":30893,"minecraft:walk_under_water_one_cm":44340,"minecraft:interact_with_blast_furnace":5,"minecraft:total_world_time":466132,"minecraft:time_since_rest":116867,"minecraft:damage_taken":6038,"minecraft:swim_one_cm":60202,"minecraft:fly_one_cm":2371007,"minecraft:open_chest":205,"minecraft:fall_one_cm":420435},"minecraft:mined":{"minecraft:white_bed":2,"minecraft:farmland":1,"minecraft:cobbled_deepslate_stairs":1,"minecraft:cobblestone_stairs":6,"minecraft:sculk_vein":2,"minecraft:brewing_stand":1,"minecraft:obsidian":4,"minecraft:granite":1,"minecraft:acacia_log":21,"minecraft:grass_block":56,"minecraft:jungle_log":10,"minecraft:spawner":1,"minecraft:smooth_stone":7,"minecraft:sculk_catalyst":4,"minecraft:cobbled_deepslate":10,"minecraft:iron_ore":148,"minecraft:fire":22,"minecraft:barrel":3,"minecraft:pumpkin":1,"minecraft:deepslate_lapis_ore":13,"minecraft:enchanting_table":1,"minecraft:sculk_shrieker":4,"minecraft:pointed_dripstone":95,"minecraft:cave_vines":3,"minecraft:azalea":7,"minecraft:deepslate_redstone_ore":8,"minecraft:red_bed":1,"minecraft:melon_stem":1,"minecraft:smoker":1,"minecraft:clay":5,"minecraft:torch":9,"minecraft:poppy":20,"minecraft:melon":10,"minecraft:chest":2,"minecraft:cobblestone":40,"minecraft:sugar_cane":49,"minecraft:oak_planks":4,"minecraft:wall_torch":6,"minecraft:birch_log":38,"minecraft:wheat":16,"minecraft:grass":379,"minecraft:oak_log":83,"minecraft:sand":25,"minecraft:dirt":115,"minecraft:oak_leaves":71,"minecraft:deepslate":145,"minecraft:tuff":1,"minecraft:deepslate_diamond_ore":15,"minecraft:glow_lichen":2,"minecraft:redstone_wire":2,"minecraft:moss_block":1,"minecraft:pink_wool":1,"minecraft:hay_block":26,"minecraft:spore_blossom":1,"minecraft:furnace":2,"minecraft:andesite":2,"minecraft:gold_block":3,"minecraft:potatoes":2,"minecraft:deepslate_iron_ore":32,"minecraft:vine":1,"minecraft:bamboo":2,"minecraft:stone":852,"minecraft:acacia_leaves":3,"minecraft:flowering_azalea":1,"minecraft:lily_of_the_valley":22,"minecraft:dandelion":17,"minecraft:crafting_table":6,"minecraft:emerald_ore":2,"minecraft:sculk_sensor":13,"minecraft:campfire":3,"minecraft:tall_grass":9,"minecraft:copper_ore":5,"minecraft:lapis_ore":1,"minecraft:deepslate_gold_ore":38,"minecraft:sculk":25,"minecraft:birch_planks":1,"minecraft:cobblestone_wall":1,"minecraft:birch_leaves":3,"minecraft:coal_ore":129,"minecraft:cocoa":1,"minecraft:gravel":53,"minecraft:dripstone_block":31,"minecraft:gold_ore":7,"minecraft:fern":1},"minecraft:dropped":{"minecraft:iron_sword":4,"minecraft:glow_ink_sac":10,"minecraft:diamond":3,"minecraft:spore_blossom":1,"minecraft:cooked_porkchop":1,"minecraft:sugar":2,"minecraft:gravel":84,"minecraft:stone_axe":3,"minecraft:birch_sapling":4,"minecraft:pointed_dripstone":47,"minecraft:cooked_mutton":2,"minecraft:gunpowder":7,"minecraft:acacia_sapling":1,"minecraft:arrow":15,"minecraft:wheat_seeds":63,"minecraft:dripstone_block":10,"minecraft:feather":7,"minecraft:cobblestone":1,"minecraft:tropical_fish":60,"minecraft:golden_apple":1,"minecraft:stick":11,"minecraft:gray_wool":2,"minecraft:milk_bucket":2,"minecraft:wooden_axe":1,"minecraft:brown_wool":1,"minecraft:fire_charge":1,"minecraft:smooth_stone":2,"minecraft:string":5,"minecraft:acacia_planks":7,"minecraft:redstone":10,"minecraft:raw_copper":8,"minecraft:raw_iron":37,"minecraft:big_dripleaf":1,"minecraft:andesite":1,"minecraft:oak_sapling":4,"minecraft:spider_eye":6,"minecraft:bow":1,"minecraft:raw_gold":39,"minecraft:black_wool":1},"minecraft:killed_by":{"minecraft:creeper":1,"minecraft:zombie":1},"minecraft:killed":{"minecraft:witch":1,"minecraft:spider":26,"minecraft:skeleton":53,"minecraft:chicken":50,"minecraft:turtle":1,"minecraft:skeleton_horse":1,"minecraft:tropical_fish":16,"minecraft:pig":63,"minecraft:zombie_villager":3,"minecraft:salmon":16,"minecraft:creeper":8,"minecraft:sheep":113,"minecraft:zombie":73,"minecraft:cow":68,"minecraft:phantom":1},"minecraft:broken":{"minecraft:iron_boots":1,"minecraft:stone_pickaxe":2,"minecraft:stone_axe":1,"minecraft:iron_sword":3,"minecraft:stone_shovel":1,"minecraft:iron_axe":1,"minecraft:iron_pickaxe":3,"minecraft:iron_helmet":1},"minecraft:picked_up":{"minecraft:seagrass":2,"minecraft:iron_chestplate":1,"minecraft:wheat":8,"minecraft:brewing_stand":1,"minecraft:string":28,"minecraft:raw_copper":22,"minecraft:iron_leggings":1,"minecraft:armor_stand":1,"minecraft:cobbled_deepslate":150,"minecraft:smooth_stone":20,"minecraft:azalea":4,"minecraft:iron_pickaxe":2,"minecraft:melon_slice":38,"minecraft:furnace":2,"minecraft:iron_boots":1,"minecraft:stick":30,"minecraft:big_dripleaf":2,"minecraft:torch":31,"minecraft:acacia_log":21,"minecraft:porkchop":126,"minecraft:pointed_dripstone":143,"minecraft:rotten_flesh":94,"minecraft:tropical_fish":182,"minecraft:obsidian":4,"minecraft:cobblestone":1218,"minecraft:enchanting_table":1,"minecraft:birch_log":38,"minecraft:feather":49,"minecraft:water_bucket":2,"minecraft:andesite":2,"minecraft:jungle_log":10,"minecraft:brown_wool":2,"minecraft:smoker":2,"minecraft:potato":8,"minecraft:flint":8,"minecraft:lapis_lazuli":93,"minecraft:dirt":251,"minecraft:bone":65,"minecraft:bow":3,"minecraft:wheat_seeds":157,"minecraft:raw_gold":45,"minecraft:glowstone_dust":2,"minecraft:bamboo":21,"minecraft:moss_block":3,"minecraft:stone_hoe":1,"minecraft:oak_planks":6,"minecraft:jungle_planks":16,"minecraft:sand":25,"minecraft:lily_of_the_valley":22,"minecraft:barrel":3,"minecraft:sugar":2,"minecraft:diamond":15,"minecraft:granite":1,"minecraft:bone_meal":8,"minecraft:emerald":2,"minecraft:oak_sapling":16,"minecraft:cocoa_beans":3,"minecraft:charcoal":6,"minecraft:crafting_table":6,"minecraft:chicken":49,"minecraft:clay_ball":36,"minecraft:wooden_pickaxe":1,"minecraft:pink_wool":3,"minecraft:gold_block":3,"minecraft:shield":1,"minecraft:red_bed":1,"minecraft:moss_carpet":2,"minecraft:iron_axe":1,"minecraft:beef":154,"minecraft:poppy":20,"minecraft:light_gray_wool":5,"minecraft:birch_sapling":4,"minecraft:sugar_cane":102,"minecraft:chest":3,"minecraft:egg":20,"minecraft:raw_iron":224,"minecraft:redstone":51,"minecraft:stone_shovel":1,"minecraft:arrow":59,"minecraft:hay_block":26,"minecraft:glow_berries":20,"minecraft:mutton":165,"minecraft:white_wool":90,"minecraft:glow_ink_sac":83,"minecraft:salmon":16,"minecraft:leather":62,"minecraft:birch_planks":1,"minecraft:oak_log":87,"minecraft:cobbled_deepslate_stairs":1,"minecraft:gunpowder":13,"minecraft:cobblestone_wall":1,"minecraft:cobblestone_stairs":6,"minecraft:apple":1,"minecraft:stone_bricks":3,"minecraft:spore_blossom":1,"minecraft:iron_ingot":11,"minecraft:stone_pickaxe":1,"minecraft:cooked_chicken":1,"minecraft:acacia_sapling":1,"minecraft:flowering_azalea":1,"minecraft:iron_sword":4,"minecraft:pumpkin":1,"minecraft:dandelion":17,"minecraft:dripstone_block":72,"minecraft:gravel":127,"minecraft:white_bed":2,"minecraft:spider_eye":7,"minecraft:stone_axe":4,"minecraft:iron_helmet":1,"minecraft:gray_wool":5,"minecraft:black_wool":6,"minecraft:melon_seeds":2,"minecraft:coal":160}},"DataVersion":3465}