{"stats":{"minecraft:used":{"minecraft:azalea":3,"minecraft:tropical_fish":8,"minecraft:stone_shovel":39,"minecraft:chest":12,"minecraft:shield":15,"minecraft:iron_sword":165,"minecraft:cooked_chicken":1,"minecraft:stone_hoe":16,"minecraft:rotten_flesh":4,"minecraft:iron_chestplate":2,"minecraft:torch":40,"minecraft:dirt":62,"minecraft:cobblestone_wall":49,"minecraft:wooden_axe":15,"minecraft:iron_axe":119,"minecraft:iron_helmet":1,"minecraft:iron_boots":2,"minecraft:stone_bricks":13,"minecraft:oak_sapling":2,"minecraft:furnace":6,"minecraft:cooked_beef":11,"minecraft:cobbled_deepslate":6,"minecraft:iron_leggings":1,"minecraft:wheat_seeds":14,"minecraft:cooked_mutton":12,"minecraft:water_bucket":13,"minecraft:cobblestone_stairs":42,"minecraft:birch_planks":11,"minecraft:stone_pickaxe":258,"minecraft:wooden_pickaxe":14,"minecraft:crafting_table":5,"minecraft:blast_furnace":2,"minecraft:smoker":3,"minecraft:apple":1,"minecraft:bread":1,"minecraft:iron_pickaxe":804,"minecraft:stone_axe":23,"minecraft:cobblestone":289,"minecraft:cooked_porkchop":3,"minecraft:bucket":15,"minecraft:bone_meal":7,"minecraft:smooth_stone":18},"minecraft:crafted":{"minecraft:smooth_stone":29,"minecraft:oak_planks":96,"minecraft:stone_shovel":1,"minecraft:cooked_chicken":1,"minecraft:furnace":8,"minecraft:blast_furnace":2,"minecraft:cobblestone_stairs":36,"minecraft:stone":26,"minecraft:bone_meal":6,"minecraft:cooked_mutton":12,"minecraft:iron_boots":1,"minecraft:iron_axe":1,"minecraft:stone_pickaxe":2,"minecraft:cobblestone_wall":48,"minecraft:chest":12,"minecraft:stone_hoe":1,"minecraft:stone_bricks":16,"minecraft:smoker":1,"minecraft:cooked_beef":11,"minecraft:cooked_porkchop":3,"minecraft:crafting_table":3,"minecraft:wooden_pickaxe":1,"minecraft:iron_helmet":1,"minecraft:iron_sword":2,"minecraft:birch_planks":36,"minecraft:bucket":3,"minecraft:stone_axe":2,"minecraft:air":0,"minecraft:jungle_planks":32,"minecraft:iron_chestplate":1,"minecraft:shield":1,"minecraft:stick":28,"minecraft:iron_ingot":35,"minecraft:iron_pickaxe":5,"minecraft:wooden_axe":1,"minecraft:iron_leggings":1,"minecraft:torch":32},"minecraft:custom":{"minecraft:mob_kills":72,"minecraft:interact_with_crafting_table":46,"minecraft:leave_game":4,"minecraft:time_since_death":4828,"minecraft:climb_one_cm":1409,"minecraft:sprint_one_cm":469538,"minecraft:walk_one_cm":318493,"minecraft:damage_blocked_by_shield":420,"minecraft:drop":12,"minecraft:play_time":134305,"minecraft:deaths":2,"minecraft:sneak_time":9731,"minecraft:walk_under_water_one_cm":1955,"minecraft:jump":3370,"minecraft:interact_with_blast_furnace":1,"minecraft:walk_on_water_one_cm":13504,"minecraft:total_world_time":134305,"minecraft:interact_with_furnace":41,"minecraft:sleep_in_bed":1,"minecraft:time_since_rest":5155,"minecraft:damage_taken":2206,"minecraft:damage_dealt":11916,"minecraft:swim_one_cm":1099,"minecraft:fly_one_cm":589826,"minecraft:open_chest":62,"minecraft:crouch_one_cm":36839,"minecraft:interact_with_smoker":10,"minecraft:fall_one_cm":116719},"minecraft:mined":{"minecraft:deepslate_diamond_ore":2,"minecraft:cobblestone_stairs":6,"minecraft:glow_lichen":1,"minecraft:granite":1,"minecraft:grass_block":16,"minecraft:jungle_log":10,"minecraft:smooth_stone":6,"minecraft:iron_ore":109,"minecraft:cobbled_deepslate":2,"minecraft:deepslate_lapis_ore":1,"minecraft:pointed_dripstone":71,"minecraft:deepslate_iron_ore":5,"minecraft:bamboo":1,"minecraft:azalea":3,"minecraft:stone":692,"minecraft:deepslate_redstone_ore":2,"minecraft:smoker":1,"minecraft:crafting_table":2,"minecraft:torch":4,"minecraft:emerald_ore":2,"minecraft:chest":1,"minecraft:tall_grass":1,"minecraft:copper_ore":5,"minecraft:cobblestone":30,"minecraft:lapis_ore":1,"minecraft:wall_torch":2,"minecraft:cobblestone_wall":1,"minecraft:birch_log":33,"minecraft:birch_leaves":1,"minecraft:grass":234,"minecraft:oak_log":63,"minecraft:coal_ore":103,"minecraft:cocoa":1,"minecraft:gravel":40,"minecraft:dripstone_block":17,"minecraft:dirt":8,"minecraft:oak_leaves":21,"minecraft:deepslate":8},"minecraft:dropped":{"minecraft:iron_sword":2,"minecraft:glow_ink_sac":10,"minecraft:golden_apple":1,"minecraft:wooden_axe":1,"minecraft:stone_axe":3,"minecraft:birch_sapling":2,"minecraft:pointed_dripstone":31,"minecraft:spider_eye":1},"minecraft:killed_by":{"minecraft:creeper":1,"minecraft:zombie":1},"minecraft:killed":{"minecraft:spider":9,"minecraft:skeleton":16,"minecraft:chicken":1,"minecraft:tropical_fish":4,"minecraft:pig":5,"minecraft:creeper":2,"minecraft:sheep":8,"minecraft:zombie":18,"minecraft:cow":5},"minecraft:broken":{"minecraft:stone_pickaxe":2,"minecraft:iron_pickaxe":3},"minecraft:picked_up":{"minecraft:cocoa_beans":3,"minecraft:iron_chestplate":1,"minecraft:crafting_table":2,"minecraft:chicken":1,"minecraft:wooden_pickaxe":1,"minecraft:shield":1,"minecraft:iron_axe":1,"minecraft:string":11,"minecraft:raw_copper":22,"minecraft:iron_leggings":1,"minecraft:cobbled_deepslate":13,"minecraft:smooth_stone":17,"minecraft:beef":20,"minecraft:azalea":3,"minecraft:iron_pickaxe":2,"minecraft:light_gray_wool":2,"minecraft:chest":2,"minecraft:birch_sapling":2,"minecraft:iron_boots":1,"minecraft:egg":1,"minecraft:furnace":1,"minecraft:stick":24,"minecraft:raw_iron":158,"minecraft:torch":20,"minecraft:porkchop":12,"minecraft:pointed_dripstone":116,"minecraft:redstone":18,"minecraft:stone_shovel":1,"minecraft:arrow":21,"minecraft:rotten_flesh":24,"minecraft:tropical_fish":8,"minecraft:mutton":12,"minecraft:cobblestone":1053,"minecraft:white_wool":4,"minecraft:birch_log":33,"minecraft:feather":2,"minecraft:glow_ink_sac":20,"minecraft:water_bucket":2,"minecraft:jungle_log":10,"minecraft:leather":2,"minecraft:smoker":2,"minecraft:flint":7,"minecraft:oak_log":66,"minecraft:cobblestone_wall":1,"minecraft:gunpowder":6,"minecraft:cobblestone_stairs":6,"minecraft:lapis_lazuli":24,"minecraft:dirt":60,"minecraft:bone":21,"minecraft:apple":1,"minecraft:stone_bricks":3,"minecraft:bow":1,"minecraft:wheat_seeds":74,"minecraft:stone_pickaxe":1,"minecraft:iron_ingot":11,"minecraft:bamboo":9,"minecraft:stone_hoe":1,"minecraft:iron_sword":2,"minecraft:gravel":79,"minecraft:dripstone_block":49,"minecraft:jungle_planks":16,"minecraft:spider_eye":2,"minecraft:diamond":2,"minecraft:stone_axe":4,"minecraft:iron_helmet":1,"minecraft:granite":1,"minecraft:bone_meal":4,"minecraft:gray_wool":2,"minecraft:emerald":2,"minecraft:oak_sapling":12,"minecraft:coal":135}},"DataVersion":3465}