{"stats":{"minecraft:used":{"minecraft:crafting_table":1},"minecraft:crafted":{"minecraft:crafting_table":1,"minecraft:stick":4,"minecraft:wooden_pickaxe":1,"minecraft:jungle_planks":28,"minecraft:wooden_axe":1},"minecraft:custom":{"minecraft:time_since_rest":3027,"minecraft:crouch_one_cm":68,"minecraft:play_time":3027,"minecraft:sprint_one_cm":5122,"minecraft:walk_one_cm":3524,"minecraft:sneak_time":171,"minecraft:jump":67,"minecraft:time_since_death":3027,"minecraft:total_world_time":3027,"minecraft:climb_one_cm":346,"minecraft:interact_with_crafting_table":2,"minecraft:fall_one_cm":1314,"minecraft:fly_one_cm":7714},"minecraft:mined":{"minecraft:grass":2,"minecraft:jungle_log":7,"minecraft:birch_leaves":1,"minecraft:oak_leaves":3},"minecraft:picked_up":{"minecraft:stick":2,"minecraft:jungle_log":7}},"DataVersion":3465}