{"stats":{"minecraft:used":{"minecraft:cooked_mutton":7,"minecraft:water_bucket":9,"minecraft:birch_planks":11,"minecraft:stone_pickaxe":136,"minecraft:chest":12,"minecraft:wooden_pickaxe":14,"minecraft:shield":11,"minecraft:iron_sword":84,"minecraft:cooked_chicken":1,"minecraft:iron_chestplate":1,"minecraft:torch":11,"minecraft:dirt":48,"minecraft:crafting_table":5,"minecraft:smoker":3,"minecraft:wooden_axe":15,"minecraft:apple":1,"minecraft:iron_axe":119,"minecraft:bread":1,"minecraft:iron_pickaxe":235,"minecraft:iron_helmet":1,"minecraft:iron_boots":1,"minecraft:stone_axe":20,"minecraft:cobblestone":76,"minecraft:oak_sapling":2,"minecraft:furnace":6,"minecraft:bucket":10,"minecraft:cooked_beef":11,"minecraft:iron_leggings":1},"minecraft:crafted":{"minecraft:cooked_beef":11,"minecraft:oak_planks":96,"minecraft:crafting_table":3,"minecraft:cooked_chicken":1,"minecraft:wooden_pickaxe":1,"minecraft:iron_helmet":1,"minecraft:iron_sword":2,"minecraft:furnace":6,"minecraft:birch_planks":36,"minecraft:bucket":1,"minecraft:stone_axe":2,"minecraft:cooked_mutton":7,"minecraft:air":0,"minecraft:jungle_planks":32,"minecraft:iron_boots":1,"minecraft:iron_chestplate":1,"minecraft:shield":1,"minecraft:iron_axe":1,"minecraft:stick":12,"minecraft:iron_ingot":35,"minecraft:iron_pickaxe":2,"minecraft:stone_pickaxe":2,"minecraft:wooden_axe":1,"minecraft:chest":12,"minecraft:iron_leggings":1,"minecraft:torch":16,"minecraft:smoker":1},"minecraft:custom":{"minecraft:interact_with_furnace":18,"minecraft:mob_kills":48,"minecraft:interact_with_crafting_table":28,"minecraft:leave_game":1,"minecraft:time_since_death":57247,"minecraft:climb_one_cm":1409,"minecraft:time_since_rest":57315,"minecraft:sprint_one_cm":291197,"minecraft:damage_taken":1404,"minecraft:walk_one_cm":154398,"minecraft:damage_blocked_by_shield":300,"minecraft:drop":6,"minecraft:damage_dealt":7017,"minecraft:swim_one_cm":745,"minecraft:fly_one_cm":381621,"minecraft:open_chest":25,"minecraft:play_time":71364,"minecraft:crouch_one_cm":8324,"minecraft:deaths":1,"minecraft:sneak_time":2682,"minecraft:walk_under_water_one_cm":1801,"minecraft:jump":2251,"minecraft:walk_on_water_one_cm":6270,"minecraft:total_world_time":71364,"minecraft:interact_with_smoker":10,"minecraft:fall_one_cm":79337},"minecraft:mined":{"minecraft:smoker":1,"minecraft:crafting_table":2,"minecraft:emerald_ore":2,"minecraft:grass_block":15,"minecraft:jungle_log":10,"minecraft:tall_grass":1,"minecraft:cobblestone":10,"minecraft:birch_log":33,"minecraft:iron_ore":91,"minecraft:birch_leaves":1,"minecraft:grass":233,"minecraft:oak_log":63,"minecraft:pointed_dripstone":20,"minecraft:coal_ore":70,"minecraft:cocoa":1,"minecraft:gravel":1,"minecraft:dripstone_block":6,"minecraft:dirt":7,"minecraft:bamboo":1,"minecraft:stone":179,"minecraft:oak_leaves":21},"minecraft:dropped":{"minecraft:iron_sword":1,"minecraft:stone_axe":2,"minecraft:golden_apple":1,"minecraft:wooden_axe":1,"minecraft:spider_eye":1},"minecraft:killed_by":{"minecraft:zombie":1},"minecraft:killed":{"minecraft:pig":5,"minecraft:spider":9,"minecraft:sheep":8,"minecraft:skeleton":14,"minecraft:zombie":5,"minecraft:chicken":1,"minecraft:cow":5},"minecraft:broken":{"minecraft:stone_pickaxe":1},"minecraft:picked_up":{"minecraft:birch_log":33,"minecraft:cocoa_beans":3,"minecraft:crafting_table":2,"minecraft:feather":2,"minecraft:chicken":1,"minecraft:jungle_log":10,"minecraft:leather":2,"minecraft:wooden_pickaxe":1,"minecraft:smoker":2,"minecraft:oak_log":66,"minecraft:dirt":57,"minecraft:string":11,"minecraft:bone":19,"minecraft:apple":1,"minecraft:bow":1,"minecraft:wheat_seeds":43,"minecraft:iron_ingot":11,"minecraft:stone_pickaxe":1,"minecraft:beef":20,"minecraft:light_gray_wool":2,"minecraft:bamboo":9,"minecraft:birch_sapling":2,"minecraft:furnace":1,"minecraft:egg":1,"minecraft:raw_iron":115,"minecraft:stick":22,"minecraft:torch":2,"minecraft:dripstone_block":13,"minecraft:porkchop":12,"minecraft:jungle_planks":16,"minecraft:pointed_dripstone":30,"minecraft:spider_eye":2,"minecraft:arrow":16,"minecraft:rotten_flesh":4,"minecraft:stone_axe":2,"minecraft:gray_wool":2,"minecraft:emerald":2,"minecraft:oak_sapling":12,"minecraft:mutton":12,"minecraft:coal":98,"minecraft:white_wool":4,"minecraft:cobblestone":334}},"DataVersion":3465}