{"stats":{"minecraft:used":{"minecraft:moss_block":3,"minecraft:poppy":14,"minecraft:chest":13,"minecraft:shield":46,"minecraft:iron_sword":1081,"minecraft:rotten_flesh":29,"minecraft:iron_chestplate":2,"minecraft:lily_of_the_valley":22,"minecraft:axolotl_bucket":6,"minecraft:milk_bucket":1,"minecraft:big_dripleaf":1,"minecraft:iron_helmet":1,"minecraft:pink_wool":1,"minecraft:stone_bricks":16,"minecraft:bow":1,"minecraft:furnace":10,"minecraft:oak_sapling":2,"minecraft:egg":1,"minecraft:potato":8,"minecraft:seagrass":2,"minecraft:stone_pickaxe":258,"minecraft:oak_planks":52,"minecraft:wooden_pickaxe":14,"minecraft:sugar_cane":9,"minecraft:white_wool":3,"minecraft:glow_berries":20,"minecraft:sand":1,"minecraft:blast_furnace":2,"minecraft:dripstone_block":9,"minecraft:brown_wool":1,"minecraft:bread":9,"minecraft:gravel":1,"minecraft:fire_charge":1,"minecraft:smooth_stone_slab":5,"minecraft:bone_meal":7,"minecraft:azalea":4,"minecraft:enchanting_table":2,"minecraft:tropical_fish":59,"minecraft:armor_stand":2,"minecraft:stone_shovel":131,"minecraft:redstone":11,"minecraft:stone_hoe":64,"minecraft:cooked_chicken":19,"minecraft:torch":61,"minecraft:dirt":150,"minecraft:cobblestone_wall":49,"minecraft:wooden_axe":15,"minecraft:flowering_azalea":1,"minecraft:bookshelf":4,"minecraft:iron_axe":213,"minecraft:iron_boots":2,"minecraft:barrel":3,"minecraft:cooked_beef":14,"minecraft:acacia_planks":28,"minecraft:cobbled_deepslate":150,"minecraft:iron_leggings":1,"minecraft:pointed_dripstone":1,"minecraft:wheat_seeds":41,"minecraft:cooked_mutton":37,"minecraft:water_bucket":84,"minecraft:cobblestone_stairs":42,"minecraft:birch_planks":11,"minecraft:glass_bottle":3,"minecraft:salmon":6,"minecraft:crafting_table":12,"minecraft:red_bed":1,"minecraft:white_bed":3,"minecraft:campfire":3,"minecraft:smoker":4,"minecraft:diamond_pickaxe":362,"minecraft:apple":1,"minecraft:iron_pickaxe":1017,"minecraft:stone_axe":81,"minecraft:cobblestone":461,"minecraft:cooked_porkchop":18,"minecraft:bucket":92,"minecraft:dandelion":13,"minecraft:smooth_stone":19},"minecraft:crafted":{"minecraft:oak_planks":184,"minecraft:smooth_stone":29,"minecraft:cooked_chicken":28,"minecraft:stone":26,"minecraft:cobblestone_stairs":36,"minecraft:bookshelf":4,"minecraft:cooked_mutton":90,"minecraft:glass":6,"minecraft:iron_boots":1,"minecraft:chest":12,"minecraft:stone_hoe":1,"minecraft:stone_bricks":16,"minecraft:smoker":2,"minecraft:glass_bottle":6,"minecraft:cooked_porkchop":96,"minecraft:crafting_table":8,"minecraft:wooden_pickaxe":1,"minecraft:iron_helmet":1,"minecraft:birch_planks":44,"minecraft:campfire":3,"minecraft:iron_chestplate":1,"minecraft:book":13,"minecraft:paper":39,"minecraft:diamond_pickaxe":1,"minecraft:shield":1,"minecraft:stick":58,"minecraft:iron_ingot":43,"minecraft:iron_pickaxe":6,"minecraft:gold_ingot":10,"minecraft:stone_shovel":1,"minecraft:smooth_stone_slab":6,"minecraft:leather_boots":1,"minecraft:furnace":12,"minecraft:blast_furnace":2,"minecraft:bone_meal":27,"minecraft:iron_axe":1,"minecraft:stone_pickaxe":2,"minecraft:cobblestone_wall":48,"minecraft:cooked_beef":97,"minecraft:enchanting_table":1,"minecraft:iron_sword":6,"minecraft:leather_helmet":1,"minecraft:bucket":3,"minecraft:stone_axe":2,"minecraft:bread":1,"minecraft:air":0,"minecraft:jungle_planks":40,"minecraft:wooden_axe":1,"minecraft:iron_leggings":1,"minecraft:armor_stand":1,"minecraft:white_bed":1,"minecraft:acacia_planks":44,"minecraft:torch":48},"minecraft:custom":{"minecraft:animals_bred":2,"minecraft:interact_with_crafting_table":79,"minecraft:open_barrel":9,"minecraft:bell_ring":20,"minecraft:leave_game":10,"minecraft:time_since_death":271887,"minecraft:sprint_one_cm":1399139,"minecraft:damage_blocked_by_shield":1207,"minecraft:drop":91,"minecraft:play_time":401364,"minecraft:deaths":2,"minecraft:jump":11733,"minecraft:walk_on_water_one_cm":63559,"minecraft:interact_with_furnace":76,"minecraft:sleep_in_bed":3,"minecraft:damage_dealt":60163,"minecraft:crouch_one_cm":94664,"minecraft:interact_with_smoker":31,"minecraft:horse_one_cm":1374646,"minecraft:interact_with_smithing_table":1,"minecraft:mob_kills":502,"minecraft:climb_one_cm":3918,"minecraft:walk_one_cm":804242,"minecraft:sneak_time":28745,"minecraft:walk_under_water_one_cm":44340,"minecraft:interact_with_blast_furnace":5,"minecraft:total_world_time":401364,"minecraft:time_since_rest":52099,"minecraft:damage_taken":5700,"minecraft:swim_one_cm":60202,"minecraft:fly_one_cm":2157704,"minecraft:open_chest":170,"minecraft:fall_one_cm":373904},"minecraft:mined":{"minecraft:white_bed":2,"minecraft:farmland":1,"minecraft:cobblestone_stairs":6,"minecraft:sculk_vein":2,"minecraft:obsidian":4,"minecraft:granite":1,"minecraft:acacia_log":21,"minecraft:grass_block":52,"minecraft:jungle_log":10,"minecraft:spawner":1,"minecraft:smooth_stone":7,"minecraft:sculk_catalyst":4,"minecraft:cobbled_deepslate":10,"minecraft:iron_ore":148,"minecraft:fire":1,"minecraft:barrel":3,"minecraft:pumpkin":1,"minecraft:deepslate_lapis_ore":13,"minecraft:enchanting_table":1,"minecraft:sculk_shrieker":4,"minecraft:pointed_dripstone":84,"minecraft:cave_vines":3,"minecraft:azalea":7,"minecraft:deepslate_redstone_ore":8,"minecraft:red_bed":1,"minecraft:melon_stem":1,"minecraft:smoker":1,"minecraft:clay":5,"minecraft:torch":9,"minecraft:poppy":20,"minecraft:melon":10,"minecraft:chest":2,"minecraft:cobblestone":39,"minecraft:sugar_cane":27,"minecraft:oak_planks":4,"minecraft:wall_torch":6,"minecraft:birch_log":38,"minecraft:wheat":11,"minecraft:grass":371,"minecraft:oak_log":83,"minecraft:sand":25,"minecraft:dirt":113,"minecraft:oak_leaves":70,"minecraft:deepslate":145,"minecraft:tuff":1,"minecraft:deepslate_diamond_ore":15,"minecraft:glow_lichen":2,"minecraft:redstone_wire":2,"minecraft:moss_block":1,"minecraft:pink_wool":1,"minecraft:hay_block":18,"minecraft:spore_blossom":1,"minecraft:furnace":2,"minecraft:andesite":2,"minecraft:gold_block":1,"minecraft:potatoes":2,"minecraft:deepslate_iron_ore":32,"minecraft:bamboo":2,"minecraft:stone":845,"minecraft:acacia_leaves":3,"minecraft:flowering_azalea":1,"minecraft:lily_of_the_valley":22,"minecraft:dandelion":17,"minecraft:crafting_table":6,"minecraft:emerald_ore":2,"minecraft:sculk_sensor":13,"minecraft:campfire":3,"minecraft:tall_grass":8,"minecraft:copper_ore":5,"minecraft:lapis_ore":1,"minecraft:deepslate_gold_ore":38,"minecraft:sculk":25,"minecraft:cobblestone_wall":1,"minecraft:birch_leaves":3,"minecraft:coal_ore":129,"minecraft:cocoa":1,"minecraft:gravel":53,"minecraft:dripstone_block":26,"minecraft:gold_ore":7,"minecraft:fern":1},"minecraft:dropped":{"minecraft:iron_sword":4,"minecraft:glow_ink_sac":10,"minecraft:diamond":3,"minecraft:spore_blossom":1,"minecraft:cooked_porkchop":1,"minecraft:sugar":2,"minecraft:gravel":84,"minecraft:stone_axe":3,"minecraft:birch_sapling":4,"minecraft:pointed_dripstone":47,"minecraft:cooked_mutton":2,"minecraft:gunpowder":7,"minecraft:acacia_sapling":1,"minecraft:wheat_seeds":59,"minecraft:dripstone_block":10,"minecraft:feather":7,"minecraft:cobblestone":1,"minecraft:tropical_fish":60,"minecraft:golden_apple":1,"minecraft:stick":11,"minecraft:gray_wool":2,"minecraft:milk_bucket":1,"minecraft:wooden_axe":1,"minecraft:brown_wool":1,"minecraft:smooth_stone":2,"minecraft:string":5,"minecraft:redstone":10,"minecraft:raw_copper":8,"minecraft:raw_iron":37,"minecraft:big_dripleaf":1,"minecraft:andesite":1,"minecraft:oak_sapling":4,"minecraft:spider_eye":6,"minecraft:raw_gold":39,"minecraft:black_wool":1},"minecraft:killed_by":{"minecraft:creeper":1,"minecraft:zombie":1},"minecraft:killed":{"minecraft:witch":1,"minecraft:spider":26,"minecraft:skeleton":52,"minecraft:chicken":50,"minecraft:turtle":1,"minecraft:skeleton_horse":1,"minecraft:tropical_fish":16,"minecraft:pig":63,"minecraft:zombie_villager":2,"minecraft:salmon":16,"minecraft:creeper":8,"minecraft:sheep":113,"minecraft:zombie":70,"minecraft:cow":68,"minecraft:phantom":1},"minecraft:broken":{"minecraft:stone_pickaxe":2,"minecraft:stone_axe":1,"minecraft:iron_sword":3,"minecraft:stone_shovel":1,"minecraft:iron_axe":1,"minecraft:iron_pickaxe":3,"minecraft:iron_helmet":1},"minecraft:picked_up":{"minecraft:seagrass":2,"minecraft:iron_chestplate":1,"minecraft:wheat":8,"minecraft:string":28,"minecraft:raw_copper":22,"minecraft:iron_leggings":1,"minecraft:armor_stand":1,"minecraft:cobbled_deepslate":150,"minecraft:smooth_stone":20,"minecraft:azalea":4,"minecraft:iron_pickaxe":2,"minecraft:melon_slice":38,"minecraft:iron_boots":1,"minecraft:furnace":2,"minecraft:stick":30,"minecraft:big_dripleaf":2,"minecraft:torch":29,"minecraft:acacia_log":21,"minecraft:porkchop":126,"minecraft:pointed_dripstone":133,"minecraft:rotten_flesh":91,"minecraft:tropical_fish":182,"minecraft:obsidian":4,"minecraft:cobblestone":1210,"minecraft:enchanting_table":1,"minecraft:birch_log":38,"minecraft:feather":49,"minecraft:water_bucket":2,"minecraft:andesite":2,"minecraft:jungle_log":10,"minecraft:brown_wool":2,"minecraft:smoker":2,"minecraft:potato":8,"minecraft:flint":8,"minecraft:dirt":228,"minecraft:lapis_lazuli":93,"minecraft:bone":65,"minecraft:bow":3,"minecraft:wheat_seeds":149,"minecraft:raw_gold":45,"minecraft:bamboo":21,"minecraft:glowstone_dust":2,"minecraft:moss_block":3,"minecraft:stone_hoe":1,"minecraft:oak_planks":6,"minecraft:jungle_planks":16,"minecraft:sand":25,"minecraft:lily_of_the_valley":22,"minecraft:barrel":3,"minecraft:sugar":2,"minecraft:diamond":15,"minecraft:granite":1,"minecraft:bone_meal":8,"minecraft:emerald":2,"minecraft:oak_sapling":16,"minecraft:cocoa_beans":3,"minecraft:charcoal":6,"minecraft:crafting_table":6,"minecraft:chicken":49,"minecraft:clay_ball":36,"minecraft:wooden_pickaxe":1,"minecraft:pink_wool":3,"minecraft:gold_block":1,"minecraft:shield":1,"minecraft:iron_axe":1,"minecraft:red_bed":1,"minecraft:moss_carpet":2,"minecraft:beef":154,"minecraft:poppy":20,"minecraft:light_gray_wool":5,"minecraft:birch_sapling":4,"minecraft:sugar_cane":64,"minecraft:chest":3,"minecraft:egg":20,"minecraft:raw_iron":224,"minecraft:redstone":51,"minecraft:arrow":59,"minecraft:stone_shovel":1,"minecraft:hay_block":18,"minecraft:glow_berries":20,"minecraft:mutton":165,"minecraft:white_wool":90,"minecraft:glow_ink_sac":83,"minecraft:salmon":16,"minecraft:leather":62,"minecraft:oak_log":86,"minecraft:gunpowder":13,"minecraft:cobblestone_wall":1,"minecraft:cobblestone_stairs":6,"minecraft:apple":1,"minecraft:stone_bricks":3,"minecraft:spore_blossom":1,"minecraft:iron_ingot":11,"minecraft:stone_pickaxe":1,"minecraft:cooked_chicken":1,"minecraft:acacia_sapling":1,"minecraft:flowering_azalea":1,"minecraft:iron_sword":4,"minecraft:pumpkin":1,"minecraft:dandelion":17,"minecraft:dripstone_block":67,"minecraft:gravel":127,"minecraft:white_bed":2,"minecraft:spider_eye":7,"minecraft:stone_axe":4,"minecraft:iron_helmet":1,"minecraft:gray_wool":5,"minecraft:black_wool":6,"minecraft:melon_seeds":2,"minecraft:coal":160}},"DataVersion":3465}