{"stats":{"minecraft:used":{"minecraft:cooked_mutton":7,"minecraft:water_bucket":9,"minecraft:birch_planks":11,"minecraft:stone_pickaxe":136,"minecraft:shield":10,"minecraft:chest":2,"minecraft:wooden_pickaxe":14,"minecraft:iron_sword":73,"minecraft:cooked_chicken":1,"minecraft:iron_chestplate":1,"minecraft:torch":11,"minecraft:dirt":45,"minecraft:crafting_table":4,"minecraft:smoker":3,"minecraft:wooden_axe":15,"minecraft:apple":1,"minecraft:iron_axe":119,"minecraft:iron_pickaxe":97,"minecraft:iron_helmet":1,"minecraft:iron_boots":1,"minecraft:stone_axe":20,"minecraft:cobblestone":22,"minecraft:oak_sapling":2,"minecraft:furnace":2,"minecraft:bucket":10,"minecraft:cooked_beef":9,"minecraft:iron_leggings":1},"minecraft:killed_by":{"minecraft:zombie":1},"minecraft:broken":{"minecraft:stone_pickaxe":1},"minecraft:mined":{"minecraft:smoker":1,"minecraft:crafting_table":2,"minecraft:emerald_ore":2,"minecraft:grass_block":15,"minecraft:jungle_log":10,"minecraft:tall_grass":1,"minecraft:cobblestone":7,"minecraft:birch_log":33,"minecraft:iron_ore":91,"minecraft:birch_leaves":1,"minecraft:grass":230,"minecraft:pointed_dripstone":1,"minecraft:oak_log":63,"minecraft:coal_ore":66,"minecraft:cocoa":1,"minecraft:dirt":7,"minecraft:bamboo":1,"minecraft:stone":74,"minecraft:oak_leaves":21},"minecraft:crafted":{"minecraft:cooked_beef":9,"minecraft:oak_planks":12,"minecraft:crafting_table":2,"minecraft:cooked_chicken":1,"minecraft:iron_helmet":1,"minecraft:wooden_pickaxe":1,"minecraft:iron_sword":2,"minecraft:furnace":2,"minecraft:bucket":1,"minecraft:birch_planks":36,"minecraft:stone_axe":2,"minecraft:cooked_mutton":7,"minecraft:air":0,"minecraft:jungle_planks":32,"minecraft:iron_chestplate":1,"minecraft:iron_boots":1,"minecraft:shield":1,"minecraft:iron_axe":1,"minecraft:stick":12,"minecraft:iron_ingot":35,"minecraft:iron_pickaxe":2,"minecraft:stone_pickaxe":2,"minecraft:wooden_axe":1,"minecraft:iron_leggings":1,"minecraft:chest":2,"minecraft:torch":16,"minecraft:smoker":1},"minecraft:killed":{"minecraft:pig":5,"minecraft:spider":5,"minecraft:sheep":8,"minecraft:skeleton":14,"minecraft:zombie":5,"minecraft:chicken":1,"minecraft:cow":5},"minecraft:dropped":{"minecraft:iron_sword":1,"minecraft:stone_axe":2,"minecraft:golden_apple":1,"minecraft:wooden_axe":1,"minecraft:spider_eye":1},"minecraft:picked_up":{"minecraft:birch_log":33,"minecraft:cocoa_beans":3,"minecraft:crafting_table":2,"minecraft:feather":2,"minecraft:chicken":1,"minecraft:jungle_log":10,"minecraft:leather":2,"minecraft:wooden_pickaxe":1,"minecraft:smoker":2,"minecraft:oak_log":66,"minecraft:dirt":57,"minecraft:string":7,"minecraft:bone":19,"minecraft:apple":1,"minecraft:bow":1,"minecraft:wheat_seeds":43,"minecraft:beef":20,"minecraft:iron_ingot":11,"minecraft:stone_pickaxe":1,"minecraft:light_gray_wool":2,"minecraft:bamboo":9,"minecraft:egg":1,"minecraft:furnace":1,"minecraft:raw_iron":115,"minecraft:stick":22,"minecraft:torch":2,"minecraft:dripstone_block":8,"minecraft:porkchop":12,"minecraft:jungle_planks":16,"minecraft:pointed_dripstone":10,"minecraft:spider_eye":1,"minecraft:arrow":16,"minecraft:rotten_flesh":4,"minecraft:stone_axe":2,"minecraft:gray_wool":2,"minecraft:emerald":2,"minecraft:oak_sapling":11,"minecraft:mutton":12,"minecraft:coal":94,"minecraft:white_wool":4,"minecraft:cobblestone":148},"minecraft:custom":{"minecraft:interact_with_furnace":13,"minecraft:mob_kills":44,"minecraft:interact_with_crafting_table":24,"minecraft:leave_game":1,"minecraft:time_since_death":46400,"minecraft:climb_one_cm":1409,"minecraft:time_since_rest":46468,"minecraft:sprint_one_cm":259488,"minecraft:damage_taken":1218,"minecraft:walk_one_cm":120719,"minecraft:damage_blocked_by_shield":300,"minecraft:drop":6,"minecraft:damage_dealt":6457,"minecraft:fly_one_cm":336207,"minecraft:open_chest":21,"minecraft:crouch_one_cm":6265,"minecraft:play_time":60517,"minecraft:deaths":1,"minecraft:sneak_time":2206,"minecraft:walk_under_water_one_cm":303,"minecraft:jump":1990,"minecraft:walk_on_water_one_cm":4549,"minecraft:interact_with_smoker":10,"minecraft:total_world_time":60517,"minecraft:fall_one_cm":70642}},"DataVersion":3465}