{"stats":{"minecraft:used":{"minecraft:azalea":3,"minecraft:tropical_fish":23,"minecraft:stone_shovel":51,"minecraft:chest":12,"minecraft:shield":21,"minecraft:iron_sword":219,"minecraft:cooked_chicken":1,"minecraft:rotten_flesh":21,"minecraft:stone_hoe":17,"minecraft:iron_chestplate":2,"minecraft:torch":44,"minecraft:dirt":62,"minecraft:cobblestone_wall":49,"minecraft:wooden_axe":15,"minecraft:iron_axe":119,"minecraft:iron_helmet":1,"minecraft:iron_boots":2,"minecraft:stone_bricks":13,"minecraft:oak_sapling":2,"minecraft:furnace":6,"minecraft:cooked_beef":11,"minecraft:cobbled_deepslate":39,"minecraft:iron_leggings":1,"minecraft:wheat_seeds":14,"minecraft:cooked_mutton":12,"minecraft:water_bucket":13,"minecraft:cobblestone_stairs":42,"minecraft:birch_planks":11,"minecraft:stone_pickaxe":258,"minecraft:wooden_pickaxe":14,"minecraft:crafting_table":5,"minecraft:blast_furnace":2,"minecraft:dripstone_block":4,"minecraft:smoker":3,"minecraft:apple":1,"minecraft:bread":1,"minecraft:iron_pickaxe":863,"minecraft:stone_axe":23,"minecraft:cobblestone":296,"minecraft:cooked_porkchop":3,"minecraft:bucket":15,"minecraft:bone_meal":7,"minecraft:smooth_stone":18},"minecraft:broken":{"minecraft:stone_pickaxe":2,"minecraft:iron_pickaxe":3},"minecraft:killed_by":{"minecraft:creeper":1,"minecraft:zombie":1},"minecraft:crafted":{"minecraft:smooth_stone":29,"minecraft:oak_planks":96,"minecraft:stone_shovel":1,"minecraft:cooked_chicken":1,"minecraft:furnace":8,"minecraft:blast_furnace":2,"minecraft:cobblestone_stairs":36,"minecraft:stone":26,"minecraft:bone_meal":27,"minecraft:cooked_mutton":12,"minecraft:iron_boots":1,"minecraft:iron_axe":1,"minecraft:stone_pickaxe":2,"minecraft:cobblestone_wall":48,"minecraft:chest":12,"minecraft:stone_hoe":1,"minecraft:stone_bricks":16,"minecraft:smoker":1,"minecraft:cooked_beef":11,"minecraft:cooked_porkchop":3,"minecraft:crafting_table":3,"minecraft:wooden_pickaxe":1,"minecraft:iron_helmet":1,"minecraft:iron_sword":2,"minecraft:birch_planks":36,"minecraft:bucket":3,"minecraft:stone_axe":2,"minecraft:air":0,"minecraft:jungle_planks":32,"minecraft:iron_chestplate":1,"minecraft:shield":1,"minecraft:stick":28,"minecraft:iron_ingot":35,"minecraft:iron_pickaxe":5,"minecraft:wooden_axe":1,"minecraft:iron_leggings":1,"minecraft:torch":32},"minecraft:mined":{"minecraft:tuff":1,"minecraft:deepslate_diamond_ore":6,"minecraft:cobblestone_stairs":6,"minecraft:glow_lichen":1,"minecraft:granite":1,"minecraft:grass_block":16,"minecraft:jungle_log":10,"minecraft:smooth_stone":6,"minecraft:iron_ore":109,"minecraft:cobbled_deepslate":6,"minecraft:deepslate_lapis_ore":12,"minecraft:pointed_dripstone":71,"minecraft:deepslate_iron_ore":15,"minecraft:bamboo":1,"minecraft:azalea":3,"minecraft:stone":692,"minecraft:deepslate_redstone_ore":2,"minecraft:smoker":1,"minecraft:clay":3,"minecraft:crafting_table":2,"minecraft:torch":6,"minecraft:emerald_ore":2,"minecraft:chest":1,"minecraft:sculk_sensor":1,"minecraft:tall_grass":1,"minecraft:copper_ore":5,"minecraft:cobblestone":30,"minecraft:deepslate_gold_ore":2,"minecraft:lapis_ore":1,"minecraft:sculk":6,"minecraft:wall_torch":4,"minecraft:cobblestone_wall":1,"minecraft:birch_log":33,"minecraft:birch_leaves":1,"minecraft:grass":234,"minecraft:oak_log":63,"minecraft:coal_ore":103,"minecraft:cocoa":1,"minecraft:gravel":40,"minecraft:dripstone_block":17,"minecraft:dirt":17,"minecraft:oak_leaves":21,"minecraft:deepslate":27},"minecraft:killed":{"minecraft:spider":12,"minecraft:skeleton":21,"minecraft:chicken":1,"minecraft:tropical_fish":5,"minecraft:pig":5,"minecraft:creeper":2,"minecraft:sheep":8,"minecraft:zombie":24,"minecraft:cow":5},"minecraft:dropped":{"minecraft:iron_sword":2,"minecraft:glow_ink_sac":10,"minecraft:golden_apple":1,"minecraft:wooden_axe":1,"minecraft:string":4,"minecraft:gravel":84,"minecraft:stone_axe":3,"minecraft:raw_copper":8,"minecraft:birch_sapling":2,"minecraft:pointed_dripstone":31,"minecraft:spider_eye":1},"minecraft:picked_up":{"minecraft:cocoa_beans":3,"minecraft:crafting_table":2,"minecraft:iron_chestplate":1,"minecraft:chicken":1,"minecraft:clay_ball":12,"minecraft:wooden_pickaxe":1,"minecraft:shield":1,"minecraft:string":19,"minecraft:raw_copper":22,"minecraft:iron_axe":1,"minecraft:iron_leggings":1,"minecraft:cobbled_deepslate":39,"minecraft:smooth_stone":17,"minecraft:beef":20,"minecraft:azalea":3,"minecraft:iron_pickaxe":2,"minecraft:light_gray_wool":2,"minecraft:chest":2,"minecraft:birch_sapling":2,"minecraft:furnace":1,"minecraft:iron_boots":1,"minecraft:egg":1,"minecraft:stick":24,"minecraft:raw_iron":168,"minecraft:torch":24,"minecraft:porkchop":12,"minecraft:pointed_dripstone":116,"minecraft:redstone":18,"minecraft:rotten_flesh":31,"minecraft:arrow":26,"minecraft:stone_shovel":1,"minecraft:tropical_fish":33,"minecraft:mutton":12,"minecraft:cobblestone":1053,"minecraft:white_wool":4,"minecraft:birch_log":33,"minecraft:feather":2,"minecraft:glow_ink_sac":24,"minecraft:water_bucket":2,"minecraft:jungle_log":10,"minecraft:leather":2,"minecraft:smoker":2,"minecraft:flint":7,"minecraft:oak_log":66,"minecraft:cobblestone_wall":1,"minecraft:gunpowder":6,"minecraft:cobblestone_stairs":6,"minecraft:lapis_lazuli":87,"minecraft:dirt":68,"minecraft:bone":26,"minecraft:apple":1,"minecraft:stone_bricks":3,"minecraft:bow":1,"minecraft:wheat_seeds":74,"minecraft:raw_gold":1,"minecraft:stone_pickaxe":1,"minecraft:iron_ingot":11,"minecraft:bamboo":9,"minecraft:stone_hoe":1,"minecraft:iron_sword":2,"minecraft:dripstone_block":49,"minecraft:gravel":121,"minecraft:jungle_planks":16,"minecraft:spider_eye":2,"minecraft:diamond":6,"minecraft:stone_axe":4,"minecraft:iron_helmet":1,"minecraft:granite":1,"minecraft:bone_meal":4,"minecraft:gray_wool":2,"minecraft:emerald":2,"minecraft:oak_sapling":12,"minecraft:coal":135},"minecraft:custom":{"minecraft:mob_kills":88,"minecraft:interact_with_crafting_table":46,"minecraft:leave_game":4,"minecraft:time_since_death":21691,"minecraft:climb_one_cm":1409,"minecraft:sprint_one_cm":533321,"minecraft:walk_one_cm":355892,"minecraft:damage_blocked_by_shield":560,"minecraft:drop":24,"minecraft:play_time":151168,"minecraft:deaths":2,"minecraft:sneak_time":11368,"minecraft:walk_under_water_one_cm":1955,"minecraft:jump":3988,"minecraft:interact_with_blast_furnace":1,"minecraft:walk_on_water_one_cm":14487,"minecraft:total_world_time":151168,"minecraft:interact_with_furnace":41,"minecraft:sleep_in_bed":1,"minecraft:time_since_rest":22018,"minecraft:damage_taken":2422,"minecraft:damage_dealt":14720,"minecraft:swim_one_cm":1099,"minecraft:fly_one_cm":701000,"minecraft:open_chest":62,"minecraft:crouch_one_cm":41812,"minecraft:interact_with_smoker":10,"minecraft:fall_one_cm":134630}},"DataVersion":3465}