{"stats":{"minecraft:used":{"minecraft:azalea":4,"minecraft:moss_block":3,"minecraft:enchanting_table":2,"minecraft:tropical_fish":59,"minecraft:armor_stand":2,"minecraft:stone_shovel":131,"minecraft:redstone":11,"minecraft:chest":13,"minecraft:shield":28,"minecraft:iron_sword":792,"minecraft:cooked_chicken":7,"minecraft:rotten_flesh":27,"minecraft:stone_hoe":64,"minecraft:iron_chestplate":2,"minecraft:torch":57,"minecraft:dirt":122,"minecraft:cobblestone_wall":49,"minecraft:axolotl_bucket":6,"minecraft:milk_bucket":1,"minecraft:big_dripleaf":1,"minecraft:wooden_axe":15,"minecraft:flowering_azalea":1,"minecraft:bookshelf":4,"minecraft:iron_axe":140,"minecraft:iron_helmet":1,"minecraft:iron_boots":2,"minecraft:pink_wool":1,"minecraft:barrel":3,"minecraft:stone_bricks":16,"minecraft:oak_sapling":2,"minecraft:furnace":9,"minecraft:egg":1,"minecraft:cooked_beef":14,"minecraft:cobbled_deepslate":132,"minecraft:seagrass":2,"minecraft:pointed_dripstone":1,"minecraft:iron_leggings":1,"minecraft:wheat_seeds":41,"minecraft:cooked_mutton":23,"minecraft:water_bucket":83,"minecraft:cobblestone_stairs":42,"minecraft:birch_planks":11,"minecraft:stone_pickaxe":258,"minecraft:oak_planks":38,"minecraft:wooden_pickaxe":14,"minecraft:sugar_cane":6,"minecraft:white_wool":3,"minecraft:salmon":6,"minecraft:glow_berries":20,"minecraft:red_bed":1,"minecraft:blast_furnace":2,"minecraft:crafting_table":8,"minecraft:white_bed":3,"minecraft:dripstone_block":9,"minecraft:smoker":3,"minecraft:diamond_pickaxe":302,"minecraft:apple":1,"minecraft:bread":6,"minecraft:iron_pickaxe":1015,"minecraft:gravel":1,"minecraft:stone_axe":66,"minecraft:fire_charge":1,"minecraft:cobblestone":415,"minecraft:cooked_porkchop":17,"minecraft:bucket":91,"minecraft:smooth_stone_slab":5,"minecraft:bone_meal":7,"minecraft:smooth_stone":19},"minecraft:crafted":{"minecraft:smooth_stone":29,"minecraft:oak_planks":176,"minecraft:stone_shovel":1,"minecraft:smooth_stone_slab":6,"minecraft:leather_boots":1,"minecraft:cooked_chicken":6,"minecraft:furnace":10,"minecraft:blast_furnace":2,"minecraft:cobblestone_stairs":36,"minecraft:stone":26,"minecraft:bone_meal":27,"minecraft:bookshelf":4,"minecraft:cooked_mutton":41,"minecraft:iron_boots":1,"minecraft:iron_axe":1,"minecraft:stone_pickaxe":2,"minecraft:cobblestone_wall":48,"minecraft:chest":12,"minecraft:stone_hoe":1,"minecraft:stone_bricks":16,"minecraft:smoker":1,"minecraft:cooked_beef":22,"minecraft:cooked_porkchop":16,"minecraft:crafting_table":5,"minecraft:enchanting_table":1,"minecraft:wooden_pickaxe":1,"minecraft:iron_helmet":1,"minecraft:iron_sword":6,"minecraft:bread":1,"minecraft:leather_helmet":1,"minecraft:bucket":3,"minecraft:birch_planks":36,"minecraft:stone_axe":2,"minecraft:air":0,"minecraft:jungle_planks":32,"minecraft:book":13,"minecraft:paper":39,"minecraft:iron_chestplate":1,"minecraft:diamond_pickaxe":1,"minecraft:shield":1,"minecraft:stick":50,"minecraft:iron_ingot":43,"minecraft:iron_pickaxe":6,"minecraft:wooden_axe":1,"minecraft:gold_ingot":10,"minecraft:iron_leggings":1,"minecraft:armor_stand":1,"minecraft:white_bed":1,"minecraft:acacia_planks":16,"minecraft:torch":48},"minecraft:custom":{"minecraft:mob_kills":352,"minecraft:open_barrel":8,"minecraft:interact_with_crafting_table":68,"minecraft:bell_ring":20,"minecraft:leave_game":10,"minecraft:time_since_death":191717,"minecraft:climb_one_cm":3170,"minecraft:sprint_one_cm":1116755,"minecraft:walk_one_cm":668504,"minecraft:damage_blocked_by_shield":736,"minecraft:drop":75,"minecraft:play_time":321194,"minecraft:sneak_time":24524,"minecraft:deaths":2,"minecraft:walk_under_water_one_cm":36983,"minecraft:jump":9198,"minecraft:interact_with_blast_furnace":5,"minecraft:walk_on_water_one_cm":55507,"minecraft:total_world_time":321194,"minecraft:interact_with_furnace":64,"minecraft:sleep_in_bed":2,"minecraft:time_since_rest":153448,"minecraft:damage_taken":4400,"minecraft:damage_dealt":44245,"minecraft:swim_one_cm":36221,"minecraft:fly_one_cm":1644870,"minecraft:open_chest":155,"minecraft:crouch_one_cm":77385,"minecraft:interact_with_smoker":10,"minecraft:fall_one_cm":284882,"minecraft:horse_one_cm":789442},"minecraft:mined":{"minecraft:tuff":1,"minecraft:white_bed":2,"minecraft:farmland":1,"minecraft:deepslate_diamond_ore":15,"minecraft:sculk_vein":2,"minecraft:cobblestone_stairs":6,"minecraft:obsidian":4,"minecraft:glow_lichen":2,"minecraft:granite":1,"minecraft:acacia_log":4,"minecraft:grass_block":24,"minecraft:jungle_log":10,"minecraft:redstone_wire":2,"minecraft:moss_block":1,"minecraft:pink_wool":1,"minecraft:spawner":1,"minecraft:smooth_stone":7,"minecraft:spore_blossom":1,"minecraft:sculk_catalyst":4,"minecraft:furnace":2,"minecraft:fire":1,"minecraft:barrel":3,"minecraft:iron_ore":148,"minecraft:cobbled_deepslate":10,"minecraft:andesite":1,"minecraft:pumpkin":1,"minecraft:deepslate_lapis_ore":13,"minecraft:enchanting_table":1,"minecraft:gold_block":1,"minecraft:sculk_shrieker":4,"minecraft:pointed_dripstone":84,"minecraft:cave_vines":3,"minecraft:deepslate_iron_ore":32,"minecraft:bamboo":2,"minecraft:azalea":7,"minecraft:stone":810,"minecraft:deepslate_redstone_ore":8,"minecraft:flowering_azalea":1,"minecraft:red_bed":1,"minecraft:melon_stem":1,"minecraft:smoker":1,"minecraft:clay":5,"minecraft:crafting_table":4,"minecraft:torch":7,"minecraft:emerald_ore":2,"minecraft:melon":10,"minecraft:chest":2,"minecraft:sculk_sensor":13,"minecraft:copper_ore":5,"minecraft:tall_grass":5,"minecraft:cobblestone":39,"minecraft:oak_planks":4,"minecraft:sugar_cane":19,"minecraft:deepslate_gold_ore":38,"minecraft:lapis_ore":1,"minecraft:sculk":25,"minecraft:wall_torch":6,"minecraft:cobblestone_wall":1,"minecraft:birch_log":33,"minecraft:wheat":10,"minecraft:birch_leaves":1,"minecraft:grass":296,"minecraft:oak_log":63,"minecraft:coal_ore":106,"minecraft:cocoa":1,"minecraft:gravel":49,"minecraft:dripstone_block":26,"minecraft:dirt":105,"minecraft:gold_ore":7,"minecraft:oak_leaves":28,"minecraft:deepslate":145,"minecraft:fern":1},"minecraft:dropped":{"minecraft:iron_sword":4,"minecraft:wheat_seeds":55,"minecraft:glow_ink_sac":10,"minecraft:diamond":3,"minecraft:spore_blossom":1,"minecraft:dripstone_block":10,"minecraft:cooked_porkchop":1,"minecraft:feather":5,"minecraft:tropical_fish":60,"minecraft:golden_apple":1,"minecraft:stick":7,"minecraft:gray_wool":2,"minecraft:milk_bucket":1,"minecraft:wooden_axe":1,"minecraft:sugar":2,"minecraft:smooth_stone":2,"minecraft:string":4,"minecraft:redstone":10,"minecraft:gravel":84,"minecraft:stone_axe":3,"minecraft:raw_copper":8,"minecraft:birch_sapling":2,"minecraft:raw_iron":37,"minecraft:pointed_dripstone":47,"minecraft:cooked_mutton":2,"minecraft:big_dripleaf":1,"minecraft:gunpowder":7,"minecraft:acacia_sapling":1,"minecraft:spider_eye":6,"minecraft:raw_gold":39,"minecraft:black_wool":1},"minecraft:killed_by":{"minecraft:creeper":1,"minecraft:zombie":1},"minecraft:killed":{"minecraft:witch":1,"minecraft:spider":24,"minecraft:skeleton":37,"minecraft:chicken":31,"minecraft:turtle":1,"minecraft:tropical_fish":16,"minecraft:pig":40,"minecraft:zombie_villager":1,"minecraft:salmon":6,"minecraft:creeper":6,"minecraft:sheep":71,"minecraft:zombie":60,"minecraft:cow":51},"minecraft:broken":{"minecraft:stone_pickaxe":2,"minecraft:iron_sword":1,"minecraft:iron_pickaxe":3,"minecraft:stone_shovel":1},"minecraft:picked_up":{"minecraft:seagrass":2,"minecraft:cocoa_beans":3,"minecraft:crafting_table":4,"minecraft:iron_chestplate":1,"minecraft:wheat":3,"minecraft:chicken":31,"minecraft:clay_ball":36,"minecraft:gold_block":1,"minecraft:wooden_pickaxe":1,"minecraft:pink_wool":2,"minecraft:shield":1,"minecraft:red_bed":1,"minecraft:string":26,"minecraft:moss_carpet":2,"minecraft:raw_copper":22,"minecraft:iron_axe":1,"minecraft:iron_leggings":1,"minecraft:armor_stand":1,"minecraft:cobbled_deepslate":150,"minecraft:smooth_stone":20,"minecraft:beef":114,"minecraft:azalea":4,"minecraft:sugar_cane":45,"minecraft:light_gray_wool":3,"minecraft:iron_pickaxe":2,"minecraft:melon_slice":38,"minecraft:chest":3,"minecraft:birch_sapling":2,"minecraft:furnace":2,"minecraft:iron_boots":1,"minecraft:egg":10,"minecraft:stick":28,"minecraft:raw_iron":224,"minecraft:big_dripleaf":2,"minecraft:torch":27,"minecraft:acacia_log":4,"minecraft:porkchop":84,"minecraft:pointed_dripstone":133,"minecraft:redstone":51,"minecraft:arrow":44,"minecraft:stone_shovel":1,"minecraft:rotten_flesh":78,"minecraft:tropical_fish":182,"minecraft:obsidian":4,"minecraft:glow_berries":20,"minecraft:mutton":108,"minecraft:white_wool":56,"minecraft:cobblestone":1177,"minecraft:enchanting_table":1,"minecraft:birch_log":33,"minecraft:feather":29,"minecraft:andesite":1,"minecraft:glow_ink_sac":83,"minecraft:water_bucket":2,"minecraft:salmon":6,"minecraft:jungle_log":10,"minecraft:leather":51,"minecraft:smoker":2,"minecraft:flint":8,"minecraft:oak_log":66,"minecraft:cobblestone_wall":1,"minecraft:gunpowder":11,"minecraft:cobblestone_stairs":6,"minecraft:lapis_lazuli":93,"minecraft:dirt":166,"minecraft:bone":40,"minecraft:cooked_chicken":1,"minecraft:apple":1,"minecraft:stone_bricks":3,"minecraft:acacia_sapling":1,"minecraft:bow":1,"minecraft:wheat_seeds":134,"minecraft:raw_gold":45,"minecraft:spore_blossom":1,"minecraft:iron_ingot":11,"minecraft:stone_pickaxe":1,"minecraft:glowstone_dust":2,"minecraft:oak_planks":6,"minecraft:bamboo":21,"minecraft:moss_block":3,"minecraft:stone_hoe":1,"minecraft:iron_sword":4,"minecraft:flowering_azalea":1,"minecraft:pumpkin":1,"minecraft:dripstone_block":67,"minecraft:gravel":127,"minecraft:jungle_planks":16,"minecraft:white_bed":2,"minecraft:barrel":3,"minecraft:spider_eye":7,"minecraft:sugar":2,"minecraft:diamond":15,"minecraft:stone_axe":4,"minecraft:iron_helmet":1,"minecraft:granite":1,"minecraft:bone_meal":7,"minecraft:gray_wool":4,"minecraft:emerald":2,"minecraft:melon_seeds":2,"minecraft:oak_sapling":12,"minecraft:black_wool":5,"minecraft:coal":138}},"DataVersion":3465}