{"stats":{"minecraft:used":{"minecraft:wooden_axe":15,"minecraft:stone_pickaxe":135,"minecraft:wooden_pickaxe":14,"minecraft:stone_axe":11,"minecraft:torch":6,"minecraft:crafting_table":2,"minecraft:furnace":1},"minecraft:crafted":{"minecraft:crafting_table":1,"minecraft:stick":12,"minecraft:wooden_pickaxe":1,"minecraft:stone_pickaxe":2,"minecraft:wooden_axe":1,"minecraft:furnace":1,"minecraft:torch":8,"minecraft:stone_axe":2,"minecraft:jungle_planks":32},"minecraft:custom":{"minecraft:time_since_rest":978,"minecraft:interact_with_furnace":2,"minecraft:sprint_one_cm":35295,"minecraft:damage_taken":310,"minecraft:walk_one_cm":41494,"minecraft:mob_kills":9,"minecraft:drop":3,"minecraft:damage_dealt":1363,"minecraft:interact_with_crafting_table":8,"minecraft:fly_one_cm":38890,"minecraft:deaths":1,"minecraft:crouch_one_cm":620,"minecraft:play_time":15027,"minecraft:sneak_time":259,"minecraft:jump":305,"minecraft:time_since_death":910,"minecraft:climb_one_cm":834,"minecraft:total_world_time":15027,"minecraft:fall_one_cm":7294},"minecraft:mined":{"minecraft:iron_ore":47,"minecraft:birch_leaves":1,"minecraft:crafting_table":1,"minecraft:oak_log":5,"minecraft:grass":2,"minecraft:coal_ore":30,"minecraft:jungle_log":8,"minecraft:stone":68,"minecraft:oak_leaves":6},"minecraft:dropped":{"minecraft:stone_axe":1,"minecraft:wooden_axe":1,"minecraft:spider_eye":1},"minecraft:killed_by":{"minecraft:zombie":1},"minecraft:killed":{"minecraft:skeleton":2,"minecraft:zombie":2,"minecraft:spider":1,"minecraft:cow":4},"minecraft:broken":{"minecraft:stone_pickaxe":1},"minecraft:picked_up":{"minecraft:stick":5,"minecraft:raw_iron":47,"minecraft:crafting_table":1,"minecraft:jungle_log":8,"minecraft:leather":2,"minecraft:torch":2,"minecraft:wooden_pickaxe":1,"minecraft:jungle_planks":16,"minecraft:oak_log":8,"minecraft:dirt":6,"minecraft:spider_eye":1,"minecraft:string":4,"minecraft:arrow":2,"minecraft:bone":8,"minecraft:rotten_flesh":2,"minecraft:apple":1,"minecraft:beef":18,"minecraft:stone_pickaxe":1,"minecraft:oak_sapling":3,"minecraft:coal":43,"minecraft:cobblestone":126}},"DataVersion":3465}