{"stats":{"minecraft:used":{"minecraft:cooked_mutton":11,"minecraft:water_bucket":10,"minecraft:cobblestone_stairs":42,"minecraft:birch_planks":11,"minecraft:stone_pickaxe":258,"minecraft:chest":12,"minecraft:wooden_pickaxe":14,"minecraft:shield":14,"minecraft:iron_sword":118,"minecraft:cooked_chicken":1,"minecraft:iron_chestplate":1,"minecraft:torch":21,"minecraft:dirt":48,"minecraft:blast_furnace":2,"minecraft:crafting_table":5,"minecraft:cobblestone_wall":49,"minecraft:smoker":3,"minecraft:wooden_axe":15,"minecraft:apple":1,"minecraft:iron_axe":119,"minecraft:bread":1,"minecraft:iron_pickaxe":501,"minecraft:iron_helmet":1,"minecraft:iron_boots":1,"minecraft:stone_axe":20,"minecraft:cobblestone":274,"minecraft:oak_sapling":2,"minecraft:furnace":6,"minecraft:cooked_porkchop":2,"minecraft:bucket":10,"minecraft:cooked_beef":11,"minecraft:smooth_stone":18,"minecraft:iron_leggings":1},"minecraft:crafted":{"minecraft:cooked_beef":11,"minecraft:smooth_stone":25,"minecraft:oak_planks":96,"minecraft:cooked_porkchop":3,"minecraft:crafting_table":3,"minecraft:cooked_chicken":1,"minecraft:wooden_pickaxe":1,"minecraft:iron_helmet":1,"minecraft:iron_sword":2,"minecraft:furnace":8,"minecraft:blast_furnace":2,"minecraft:stone":10,"minecraft:cobblestone_stairs":36,"minecraft:bucket":1,"minecraft:birch_planks":36,"minecraft:stone_axe":2,"minecraft:cooked_mutton":12,"minecraft:air":0,"minecraft:jungle_planks":32,"minecraft:iron_boots":1,"minecraft:iron_chestplate":1,"minecraft:shield":1,"minecraft:iron_axe":1,"minecraft:stick":20,"minecraft:iron_ingot":35,"minecraft:iron_pickaxe":2,"minecraft:stone_pickaxe":2,"minecraft:wooden_axe":1,"minecraft:cobblestone_wall":48,"minecraft:chest":12,"minecraft:iron_leggings":1,"minecraft:torch":32,"minecraft:smoker":1},"minecraft:custom":{"minecraft:interact_with_furnace":36,"minecraft:mob_kills":56,"minecraft:interact_with_crafting_table":39,"minecraft:leave_game":1,"minecraft:time_since_death":92916,"minecraft:sleep_in_bed":1,"minecraft:climb_one_cm":1409,"minecraft:time_since_rest":16952,"minecraft:sprint_one_cm":385110,"minecraft:damage_taken":1619,"minecraft:walk_one_cm":231576,"minecraft:damage_blocked_by_shield":390,"minecraft:drop":10,"minecraft:damage_dealt":9071,"minecraft:swim_one_cm":745,"minecraft:fly_one_cm":464392,"minecraft:open_chest":46,"minecraft:play_time":107033,"minecraft:crouch_one_cm":36079,"minecraft:deaths":1,"minecraft:sneak_time":9402,"minecraft:walk_under_water_one_cm":1801,"minecraft:jump":2783,"minecraft:interact_with_blast_furnace":1,"minecraft:walk_on_water_one_cm":7463,"minecraft:total_world_time":107033,"minecraft:interact_with_smoker":10,"minecraft:fall_one_cm":94457},"minecraft:mined":{"minecraft:smoker":1,"minecraft:cobblestone_stairs":6,"minecraft:glow_lichen":1,"minecraft:crafting_table":2,"minecraft:torch":3,"minecraft:granite":1,"minecraft:emerald_ore":2,"minecraft:grass_block":15,"minecraft:jungle_log":10,"minecraft:copper_ore":2,"minecraft:tall_grass":1,"minecraft:cobblestone":28,"minecraft:smooth_stone":6,"minecraft:cobblestone_wall":1,"minecraft:birch_log":33,"minecraft:iron_ore":92,"minecraft:birch_leaves":1,"minecraft:grass":233,"minecraft:coal_ore":103,"minecraft:pointed_dripstone":71,"minecraft:oak_log":63,"minecraft:cocoa":1,"minecraft:gravel":1,"minecraft:dripstone_block":17,"minecraft:dirt":7,"minecraft:bamboo":1,"minecraft:stone":435,"minecraft:oak_leaves":21},"minecraft:dropped":{"minecraft:iron_sword":1,"minecraft:stone_axe":3,"minecraft:birch_sapling":2,"minecraft:pointed_dripstone":31,"minecraft:golden_apple":1,"minecraft:wooden_axe":1,"minecraft:spider_eye":1},"minecraft:killed_by":{"minecraft:zombie":1},"minecraft:killed":{"minecraft:pig":5,"minecraft:spider":9,"minecraft:sheep":8,"minecraft:skeleton":16,"minecraft:zombie":11,"minecraft:chicken":1,"minecraft:cow":5},"minecraft:broken":{"minecraft:stone_pickaxe":2,"minecraft:iron_pickaxe":2},"minecraft:picked_up":{"minecraft:birch_log":33,"minecraft:cocoa_beans":3,"minecraft:crafting_table":2,"minecraft:feather":2,"minecraft:chicken":1,"minecraft:jungle_log":10,"minecraft:leather":2,"minecraft:wooden_pickaxe":1,"minecraft:smoker":2,"minecraft:oak_log":66,"minecraft:cobblestone_wall":1,"minecraft:cobblestone_stairs":6,"minecraft:dirt":58,"minecraft:string":11,"minecraft:raw_copper":6,"minecraft:bone":19,"minecraft:apple":1,"minecraft:bow":1,"minecraft:wheat_seeds":43,"minecraft:smooth_stone":6,"minecraft:iron_ingot":11,"minecraft:beef":20,"minecraft:stone_pickaxe":1,"minecraft:light_gray_wool":2,"minecraft:bamboo":9,"minecraft:birch_sapling":2,"minecraft:furnace":1,"minecraft:egg":1,"minecraft:raw_iron":116,"minecraft:stick":22,"minecraft:torch":5,"minecraft:dripstone_block":35,"minecraft:porkchop":12,"minecraft:jungle_planks":16,"minecraft:pointed_dripstone":116,"minecraft:spider_eye":2,"minecraft:arrow":19,"minecraft:rotten_flesh":10,"minecraft:stone_axe":3,"minecraft:granite":1,"minecraft:gray_wool":2,"minecraft:emerald":2,"minecraft:oak_sapling":12,"minecraft:mutton":12,"minecraft:coal":131,"minecraft:white_wool":4,"minecraft:cobblestone":617}},"DataVersion":3465}