{"stats":{"minecraft:used":{"minecraft:cooked_mutton":11,"minecraft:water_bucket":10,"minecraft:cobblestone_stairs":15,"minecraft:birch_planks":11,"minecraft:stone_pickaxe":258,"minecraft:chest":12,"minecraft:wooden_pickaxe":14,"minecraft:shield":13,"minecraft:iron_sword":112,"minecraft:cooked_chicken":1,"minecraft:iron_chestplate":1,"minecraft:torch":17,"minecraft:dirt":48,"minecraft:crafting_table":5,"minecraft:blast_furnace":2,"minecraft:cobblestone_wall":19,"minecraft:smoker":3,"minecraft:wooden_axe":15,"minecraft:apple":1,"minecraft:iron_axe":119,"minecraft:bread":1,"minecraft:iron_pickaxe":395,"minecraft:iron_helmet":1,"minecraft:iron_boots":1,"minecraft:stone_axe":20,"minecraft:cobblestone":192,"minecraft:oak_sapling":2,"minecraft:furnace":6,"minecraft:cooked_porkchop":1,"minecraft:bucket":10,"minecraft:cooked_beef":11,"minecraft:smooth_stone":8,"minecraft:iron_leggings":1},"minecraft:crafted":{"minecraft:cooked_beef":11,"minecraft:smooth_stone":8,"minecraft:oak_planks":96,"minecraft:cooked_porkchop":3,"minecraft:crafting_table":3,"minecraft:cooked_chicken":1,"minecraft:wooden_pickaxe":1,"minecraft:iron_helmet":1,"minecraft:iron_sword":2,"minecraft:furnace":8,"minecraft:blast_furnace":2,"minecraft:cobblestone_stairs":32,"minecraft:stone":10,"minecraft:birch_planks":36,"minecraft:bucket":1,"minecraft:stone_axe":2,"minecraft:cooked_mutton":12,"minecraft:air":0,"minecraft:jungle_planks":32,"minecraft:iron_boots":1,"minecraft:iron_chestplate":1,"minecraft:shield":1,"minecraft:iron_axe":1,"minecraft:stick":12,"minecraft:iron_ingot":35,"minecraft:iron_pickaxe":2,"minecraft:stone_pickaxe":2,"minecraft:wooden_axe":1,"minecraft:cobblestone_wall":18,"minecraft:chest":12,"minecraft:iron_leggings":1,"minecraft:torch":16,"minecraft:smoker":1},"minecraft:custom":{"minecraft:interact_with_furnace":34,"minecraft:mob_kills":55,"minecraft:interact_with_crafting_table":33,"minecraft:leave_game":1,"minecraft:time_since_death":81247,"minecraft:sleep_in_bed":1,"minecraft:climb_one_cm":1409,"minecraft:time_since_rest":5283,"minecraft:sprint_one_cm":352248,"minecraft:damage_taken":1565,"minecraft:walk_one_cm":208942,"minecraft:damage_blocked_by_shield":355,"minecraft:drop":9,"minecraft:damage_dealt":8608,"minecraft:swim_one_cm":745,"minecraft:fly_one_cm":434648,"minecraft:open_chest":39,"minecraft:play_time":95364,"minecraft:crouch_one_cm":25942,"minecraft:deaths":1,"minecraft:sneak_time":6865,"minecraft:walk_under_water_one_cm":1801,"minecraft:jump":2608,"minecraft:interact_with_blast_furnace":1,"minecraft:walk_on_water_one_cm":6890,"minecraft:total_world_time":95364,"minecraft:interact_with_smoker":10,"minecraft:fall_one_cm":91202},"minecraft:mined":{"minecraft:smoker":1,"minecraft:glow_lichen":1,"minecraft:crafting_table":2,"minecraft:torch":1,"minecraft:emerald_ore":2,"minecraft:grass_block":15,"minecraft:jungle_log":10,"minecraft:copper_ore":2,"minecraft:tall_grass":1,"minecraft:cobblestone":24,"minecraft:smooth_stone":6,"minecraft:cobblestone_wall":1,"minecraft:birch_log":33,"minecraft:iron_ore":92,"minecraft:birch_leaves":1,"minecraft:grass":233,"minecraft:oak_log":63,"minecraft:pointed_dripstone":67,"minecraft:coal_ore":95,"minecraft:cocoa":1,"minecraft:gravel":1,"minecraft:dripstone_block":14,"minecraft:dirt":7,"minecraft:bamboo":1,"minecraft:stone":356,"minecraft:oak_leaves":21},"minecraft:dropped":{"minecraft:iron_sword":1,"minecraft:stone_axe":2,"minecraft:birch_sapling":2,"minecraft:pointed_dripstone":31,"minecraft:golden_apple":1,"minecraft:wooden_axe":1,"minecraft:spider_eye":1},"minecraft:killed_by":{"minecraft:zombie":1},"minecraft:killed":{"minecraft:pig":5,"minecraft:spider":9,"minecraft:sheep":8,"minecraft:skeleton":16,"minecraft:zombie":10,"minecraft:chicken":1,"minecraft:cow":5},"minecraft:broken":{"minecraft:stone_pickaxe":2,"minecraft:iron_pickaxe":1},"minecraft:picked_up":{"minecraft:birch_log":33,"minecraft:cocoa_beans":3,"minecraft:crafting_table":2,"minecraft:feather":2,"minecraft:chicken":1,"minecraft:jungle_log":10,"minecraft:leather":2,"minecraft:wooden_pickaxe":1,"minecraft:smoker":2,"minecraft:oak_log":66,"minecraft:cobblestone_wall":1,"minecraft:dirt":58,"minecraft:string":11,"minecraft:raw_copper":6,"minecraft:bone":19,"minecraft:apple":1,"minecraft:bow":1,"minecraft:wheat_seeds":43,"minecraft:smooth_stone":6,"minecraft:iron_ingot":11,"minecraft:stone_pickaxe":1,"minecraft:beef":20,"minecraft:light_gray_wool":2,"minecraft:bamboo":9,"minecraft:birch_sapling":2,"minecraft:furnace":1,"minecraft:egg":1,"minecraft:raw_iron":116,"minecraft:stick":22,"minecraft:torch":3,"minecraft:dripstone_block":21,"minecraft:porkchop":12,"minecraft:jungle_planks":16,"minecraft:pointed_dripstone":105,"minecraft:spider_eye":2,"minecraft:arrow":19,"minecraft:rotten_flesh":9,"minecraft:stone_axe":2,"minecraft:gray_wool":2,"minecraft:emerald":2,"minecraft:oak_sapling":12,"minecraft:mutton":12,"minecraft:coal":123,"minecraft:white_wool":4,"minecraft:cobblestone":517}},"DataVersion":3465}