{"stats":{"minecraft:used":{"minecraft:azalea":3,"minecraft:stone_shovel":39,"minecraft:chest":12,"minecraft:shield":14,"minecraft:iron_sword":121,"minecraft:cooked_chicken":1,"minecraft:stone_hoe":16,"minecraft:rotten_flesh":3,"minecraft:iron_chestplate":1,"minecraft:torch":27,"minecraft:dirt":62,"minecraft:cobblestone_wall":49,"minecraft:wooden_axe":15,"minecraft:iron_axe":119,"minecraft:iron_helmet":1,"minecraft:iron_boots":1,"minecraft:stone_bricks":13,"minecraft:furnace":6,"minecraft:oak_sapling":2,"minecraft:cooked_beef":11,"minecraft:iron_leggings":1,"minecraft:wheat_seeds":14,"minecraft:cooked_mutton":12,"minecraft:water_bucket":11,"minecraft:cobblestone_stairs":42,"minecraft:birch_planks":11,"minecraft:stone_pickaxe":258,"minecraft:wooden_pickaxe":14,"minecraft:crafting_table":5,"minecraft:blast_furnace":2,"minecraft:smoker":3,"minecraft:apple":1,"minecraft:bread":1,"minecraft:iron_pickaxe":752,"minecraft:stone_axe":23,"minecraft:cobblestone":284,"minecraft:cooked_porkchop":2,"minecraft:bucket":13,"minecraft:smooth_stone":18,"minecraft:bone_meal":7},"minecraft:crafted":{"minecraft:smooth_stone":29,"minecraft:oak_planks":96,"minecraft:stone_shovel":1,"minecraft:cooked_chicken":1,"minecraft:furnace":8,"minecraft:blast_furnace":2,"minecraft:cobblestone_stairs":36,"minecraft:stone":26,"minecraft:bone_meal":6,"minecraft:cooked_mutton":12,"minecraft:iron_boots":1,"minecraft:iron_axe":1,"minecraft:stone_pickaxe":2,"minecraft:cobblestone_wall":48,"minecraft:chest":12,"minecraft:stone_hoe":1,"minecraft:stone_bricks":16,"minecraft:smoker":1,"minecraft:cooked_beef":11,"minecraft:cooked_porkchop":3,"minecraft:crafting_table":3,"minecraft:wooden_pickaxe":1,"minecraft:iron_helmet":1,"minecraft:iron_sword":2,"minecraft:bucket":2,"minecraft:birch_planks":36,"minecraft:stone_axe":2,"minecraft:air":0,"minecraft:jungle_planks":32,"minecraft:iron_chestplate":1,"minecraft:shield":1,"minecraft:stick":28,"minecraft:iron_ingot":35,"minecraft:iron_pickaxe":5,"minecraft:wooden_axe":1,"minecraft:iron_leggings":1,"minecraft:torch":32},"minecraft:custom":{"minecraft:mob_kills":57,"minecraft:interact_with_crafting_table":45,"minecraft:leave_game":2,"minecraft:time_since_death":108081,"minecraft:climb_one_cm":1409,"minecraft:sprint_one_cm":428247,"minecraft:walk_one_cm":286232,"minecraft:damage_blocked_by_shield":390,"minecraft:drop":10,"minecraft:play_time":122198,"minecraft:deaths":1,"minecraft:sneak_time":9442,"minecraft:walk_under_water_one_cm":1801,"minecraft:jump":3046,"minecraft:interact_with_blast_furnace":1,"minecraft:walk_on_water_one_cm":7958,"minecraft:total_world_time":122198,"minecraft:interact_with_furnace":41,"minecraft:sleep_in_bed":1,"minecraft:time_since_rest":32117,"minecraft:damage_taken":1674,"minecraft:damage_dealt":9482,"minecraft:swim_one_cm":745,"minecraft:fly_one_cm":518597,"minecraft:open_chest":61,"minecraft:crouch_one_cm":36240,"minecraft:interact_with_smoker":10,"minecraft:fall_one_cm":103426},"minecraft:mined":{"minecraft:cobblestone_stairs":6,"minecraft:glow_lichen":1,"minecraft:granite":1,"minecraft:grass_block":16,"minecraft:jungle_log":10,"minecraft:smooth_stone":6,"minecraft:iron_ore":92,"minecraft:pointed_dripstone":71,"minecraft:bamboo":1,"minecraft:azalea":3,"minecraft:stone":682,"minecraft:smoker":1,"minecraft:crafting_table":2,"minecraft:torch":4,"minecraft:emerald_ore":2,"minecraft:chest":1,"minecraft:tall_grass":1,"minecraft:copper_ore":5,"minecraft:cobblestone":28,"minecraft:cobblestone_wall":1,"minecraft:birch_log":33,"minecraft:birch_leaves":1,"minecraft:grass":234,"minecraft:oak_log":63,"minecraft:coal_ore":103,"minecraft:cocoa":1,"minecraft:gravel":40,"minecraft:dripstone_block":17,"minecraft:dirt":8,"minecraft:oak_leaves":21},"minecraft:dropped":{"minecraft:iron_sword":1,"minecraft:golden_apple":1,"minecraft:wooden_axe":1,"minecraft:stone_axe":3,"minecraft:birch_sapling":2,"minecraft:pointed_dripstone":31,"minecraft:spider_eye":1},"minecraft:killed_by":{"minecraft:zombie":1},"minecraft:killed":{"minecraft:spider":9,"minecraft:skeleton":16,"minecraft:chicken":1,"minecraft:pig":5,"minecraft:sheep":8,"minecraft:zombie":11,"minecraft:cow":5},"minecraft:broken":{"minecraft:stone_pickaxe":2,"minecraft:iron_pickaxe":3},"minecraft:picked_up":{"minecraft:cocoa_beans":3,"minecraft:crafting_table":2,"minecraft:chicken":1,"minecraft:wooden_pickaxe":1,"minecraft:string":11,"minecraft:raw_copper":14,"minecraft:smooth_stone":6,"minecraft:beef":20,"minecraft:azalea":3,"minecraft:light_gray_wool":2,"minecraft:chest":1,"minecraft:birch_sapling":2,"minecraft:egg":1,"minecraft:furnace":1,"minecraft:stick":22,"minecraft:raw_iron":116,"minecraft:torch":8,"minecraft:porkchop":12,"minecraft:pointed_dripstone":116,"minecraft:arrow":19,"minecraft:rotten_flesh":10,"minecraft:mutton":12,"minecraft:cobblestone":864,"minecraft:white_wool":4,"minecraft:birch_log":33,"minecraft:feather":2,"minecraft:jungle_log":10,"minecraft:leather":2,"minecraft:smoker":2,"minecraft:flint":3,"minecraft:oak_log":66,"minecraft:cobblestone_wall":1,"minecraft:cobblestone_stairs":6,"minecraft:dirt":60,"minecraft:bone":19,"minecraft:apple":1,"minecraft:bow":1,"minecraft:wheat_seeds":44,"minecraft:stone_pickaxe":1,"minecraft:iron_ingot":11,"minecraft:bamboo":9,"minecraft:gravel":37,"minecraft:dripstone_block":35,"minecraft:jungle_planks":16,"minecraft:spider_eye":2,"minecraft:stone_axe":3,"minecraft:granite":1,"minecraft:gray_wool":2,"minecraft:emerald":2,"minecraft:oak_sapling":12,"minecraft:coal":131}},"DataVersion":3465}