{"stats":{"minecraft:used":{"minecraft:azalea":4,"minecraft:tropical_fish":33,"minecraft:armor_stand":2,"minecraft:stone_shovel":131,"minecraft:redstone":11,"minecraft:chest":13,"minecraft:shield":26,"minecraft:iron_sword":408,"minecraft:cooked_chicken":1,"minecraft:rotten_flesh":22,"minecraft:stone_hoe":64,"minecraft:iron_chestplate":2,"minecraft:torch":53,"minecraft:dirt":120,"minecraft:cobblestone_wall":49,"minecraft:axolotl_bucket":6,"minecraft:big_dripleaf":1,"minecraft:wooden_axe":15,"minecraft:flowering_azalea":1,"minecraft:iron_axe":140,"minecraft:iron_helmet":1,"minecraft:iron_boots":2,"minecraft:pink_wool":1,"minecraft:stone_bricks":16,"minecraft:oak_sapling":2,"minecraft:furnace":8,"minecraft:cooked_beef":14,"minecraft:cobbled_deepslate":112,"minecraft:iron_leggings":1,"minecraft:wheat_seeds":37,"minecraft:cooked_mutton":16,"minecraft:water_bucket":67,"minecraft:cobblestone_stairs":42,"minecraft:birch_planks":11,"minecraft:stone_pickaxe":258,"minecraft:wooden_pickaxe":14,"minecraft:salmon":6,"minecraft:glow_berries":19,"minecraft:crafting_table":6,"minecraft:blast_furnace":2,"minecraft:white_bed":2,"minecraft:dripstone_block":7,"minecraft:smoker":3,"minecraft:diamond_pickaxe":125,"minecraft:apple":1,"minecraft:bread":1,"minecraft:iron_pickaxe":1008,"minecraft:stone_axe":25,"minecraft:cobblestone":400,"minecraft:cooked_porkchop":12,"minecraft:bucket":74,"minecraft:smooth_stone_slab":5,"minecraft:bone_meal":7,"minecraft:smooth_stone":18},"minecraft:crafted":{"minecraft:smooth_stone":29,"minecraft:oak_planks":96,"minecraft:stone_shovel":1,"minecraft:smooth_stone_slab":6,"minecraft:leather_boots":1,"minecraft:cooked_chicken":1,"minecraft:furnace":9,"minecraft:blast_furnace":2,"minecraft:cobblestone_stairs":36,"minecraft:stone":26,"minecraft:bone_meal":27,"minecraft:cooked_mutton":23,"minecraft:iron_boots":1,"minecraft:iron_axe":1,"minecraft:stone_pickaxe":2,"minecraft:cobblestone_wall":48,"minecraft:chest":12,"minecraft:stone_hoe":1,"minecraft:stone_bricks":16,"minecraft:smoker":1,"minecraft:cooked_beef":22,"minecraft:cooked_porkchop":16,"minecraft:crafting_table":4,"minecraft:wooden_pickaxe":1,"minecraft:iron_helmet":1,"minecraft:iron_sword":3,"minecraft:leather_helmet":1,"minecraft:bucket":3,"minecraft:birch_planks":36,"minecraft:stone_axe":2,"minecraft:air":0,"minecraft:jungle_planks":32,"minecraft:iron_chestplate":1,"minecraft:diamond_pickaxe":1,"minecraft:shield":1,"minecraft:stick":42,"minecraft:iron_ingot":40,"minecraft:iron_pickaxe":5,"minecraft:wooden_axe":1,"minecraft:iron_leggings":1,"minecraft:armor_stand":1,"minecraft:white_bed":1,"minecraft:acacia_planks":16,"minecraft:torch":48},"minecraft:custom":{"minecraft:mob_kills":175,"minecraft:interact_with_crafting_table":57,"minecraft:leave_game":6,"minecraft:time_since_death":98922,"minecraft:climb_one_cm":2650,"minecraft:sprint_one_cm":768561,"minecraft:walk_one_cm":520238,"minecraft:damage_blocked_by_shield":730,"minecraft:drop":45,"minecraft:play_time":228399,"minecraft:sneak_time":19182,"minecraft:deaths":2,"minecraft:walk_under_water_one_cm":10273,"minecraft:jump":6208,"minecraft:interact_with_blast_furnace":5,"minecraft:walk_on_water_one_cm":34753,"minecraft:total_world_time":228399,"minecraft:interact_with_furnace":57,"minecraft:sleep_in_bed":2,"minecraft:time_since_rest":60653,"minecraft:damage_taken":3510,"minecraft:damage_dealt":24358,"minecraft:swim_one_cm":19443,"minecraft:fly_one_cm":1103249,"minecraft:open_chest":110,"minecraft:crouch_one_cm":63425,"minecraft:interact_with_smoker":10,"minecraft:fall_one_cm":206390,"minecraft:horse_one_cm":188501},"minecraft:mined":{"minecraft:tuff":1,"minecraft:white_bed":1,"minecraft:farmland":1,"minecraft:deepslate_diamond_ore":15,"minecraft:sculk_vein":1,"minecraft:cobblestone_stairs":6,"minecraft:glow_lichen":1,"minecraft:granite":1,"minecraft:acacia_log":4,"minecraft:grass_block":22,"minecraft:jungle_log":10,"minecraft:redstone_wire":2,"minecraft:moss_block":1,"minecraft:pink_wool":1,"minecraft:spawner":1,"minecraft:smooth_stone":6,"minecraft:spore_blossom":1,"minecraft:furnace":1,"minecraft:iron_ore":126,"minecraft:cobbled_deepslate":8,"minecraft:pumpkin":1,"minecraft:deepslate_lapis_ore":12,"minecraft:sculk_shrieker":2,"minecraft:pointed_dripstone":83,"minecraft:cave_vines":3,"minecraft:deepslate_iron_ore":23,"minecraft:bamboo":2,"minecraft:azalea":7,"minecraft:stone":748,"minecraft:deepslate_redstone_ore":7,"minecraft:flowering_azalea":1,"minecraft:smoker":1,"minecraft:clay":5,"minecraft:crafting_table":3,"minecraft:torch":7,"minecraft:emerald_ore":2,"minecraft:melon":10,"minecraft:chest":1,"minecraft:sculk_sensor":6,"minecraft:copper_ore":5,"minecraft:tall_grass":5,"minecraft:cobblestone":32,"minecraft:deepslate_gold_ore":37,"minecraft:lapis_ore":1,"minecraft:sculk":7,"minecraft:wall_torch":4,"minecraft:cobblestone_wall":1,"minecraft:birch_log":33,"minecraft:wheat":1,"minecraft:birch_leaves":1,"minecraft:grass":256,"minecraft:oak_log":63,"minecraft:coal_ore":103,"minecraft:cocoa":1,"minecraft:gravel":47,"minecraft:dripstone_block":24,"minecraft:dirt":105,"minecraft:gold_ore":4,"minecraft:oak_leaves":21,"minecraft:deepslate":123,"minecraft:fern":1},"minecraft:dropped":{"minecraft:iron_sword":2,"minecraft:wheat_seeds":7,"minecraft:glow_ink_sac":10,"minecraft:spore_blossom":1,"minecraft:dripstone_block":10,"minecraft:golden_apple":1,"minecraft:wooden_axe":1,"minecraft:smooth_stone":1,"minecraft:string":4,"minecraft:redstone":10,"minecraft:gravel":84,"minecraft:stone_axe":3,"minecraft:raw_copper":8,"minecraft:birch_sapling":2,"minecraft:pointed_dripstone":47,"minecraft:big_dripleaf":1,"minecraft:gunpowder":3,"minecraft:spider_eye":5},"minecraft:killed_by":{"minecraft:creeper":1,"minecraft:zombie":1},"minecraft:killed":{"minecraft:spider":13,"minecraft:skeleton":28,"minecraft:chicken":13,"minecraft:tropical_fish":9,"minecraft:pig":13,"minecraft:salmon":6,"minecraft:creeper":3,"minecraft:sheep":29,"minecraft:zombie":41,"minecraft:cow":15},"minecraft:broken":{"minecraft:stone_pickaxe":2,"minecraft:iron_sword":1,"minecraft:iron_pickaxe":3,"minecraft:stone_shovel":1},"minecraft:picked_up":{"minecraft:cocoa_beans":3,"minecraft:crafting_table":3,"minecraft:iron_chestplate":1,"minecraft:chicken":13,"minecraft:clay_ball":20,"minecraft:wooden_pickaxe":1,"minecraft:pink_wool":2,"minecraft:shield":1,"minecraft:string":20,"minecraft:raw_copper":22,"minecraft:iron_axe":1,"minecraft:iron_leggings":1,"minecraft:armor_stand":1,"minecraft:cobbled_deepslate":126,"minecraft:smooth_stone":18,"minecraft:beef":36,"minecraft:azalea":4,"minecraft:light_gray_wool":3,"minecraft:iron_pickaxe":2,"minecraft:birch_sapling":2,"minecraft:melon_slice":38,"minecraft:chest":2,"minecraft:furnace":2,"minecraft:iron_boots":1,"minecraft:egg":7,"minecraft:stick":24,"minecraft:raw_iron":193,"minecraft:big_dripleaf":2,"minecraft:torch":25,"minecraft:acacia_log":4,"minecraft:porkchop":25,"minecraft:pointed_dripstone":132,"minecraft:redstone":51,"minecraft:arrow":33,"minecraft:stone_shovel":1,"minecraft:rotten_flesh":56,"minecraft:tropical_fish":69,"minecraft:glow_berries":19,"minecraft:mutton":41,"minecraft:white_wool":21,"minecraft:cobblestone":1111,"minecraft:birch_log":33,"minecraft:feather":16,"minecraft:salmon":6,"minecraft:glow_ink_sac":52,"minecraft:water_bucket":2,"minecraft:jungle_log":10,"minecraft:leather":12,"minecraft:smoker":2,"minecraft:flint":8,"minecraft:oak_log":66,"minecraft:cobblestone_wall":1,"minecraft:gunpowder":7,"minecraft:cobblestone_stairs":6,"minecraft:lapis_lazuli":87,"minecraft:dirt":164,"minecraft:bone":30,"minecraft:apple":1,"minecraft:stone_bricks":3,"minecraft:bow":1,"minecraft:wheat_seeds":82,"minecraft:raw_gold":40,"minecraft:spore_blossom":1,"minecraft:iron_ingot":11,"minecraft:stone_pickaxe":1,"minecraft:bamboo":21,"minecraft:stone_hoe":1,"minecraft:iron_sword":2,"minecraft:flowering_azalea":1,"minecraft:pumpkin":1,"minecraft:dripstone_block":65,"minecraft:gravel":125,"minecraft:jungle_planks":16,"minecraft:white_bed":1,"minecraft:spider_eye":6,"minecraft:diamond":15,"minecraft:stone_axe":4,"minecraft:iron_helmet":1,"minecraft:granite":1,"minecraft:bone_meal":5,"minecraft:gray_wool":2,"minecraft:emerald":2,"minecraft:oak_sapling":12,"minecraft:black_wool":2,"minecraft:coal":135}},"DataVersion":3465}