{"stats":{"minecraft:used":{"minecraft:moss_block":4,"minecraft:tropical_fish":42,"minecraft:chest":2,"minecraft:shield":70,"minecraft:iron_sword":428,"minecraft:cooked_chicken":2,"minecraft:torch":331,"minecraft:dirt":36,"minecraft:tuff":2,"minecraft:axolotl_bucket":1,"minecraft:wooden_axe":24,"minecraft:melon_seeds":2,"minecraft:oak_sapling":1,"minecraft:furnace":2,"minecraft:egg":3,"minecraft:cooked_beef":5,"minecraft:potato":2,"minecraft:cobbled_deepslate":86,"minecraft:pointed_dripstone":26,"minecraft:wheat_seeds":87,"minecraft:cooked_mutton":5,"minecraft:water_bucket":13,"minecraft:stone_pickaxe":131,"minecraft:wooden_pickaxe":3,"minecraft:cobblestone_slab":18,"minecraft:golden_apple":1,"minecraft:crafting_table":4,"minecraft:white_bed":1,"minecraft:dripstone_block":1,"minecraft:apple":1,"minecraft:bread":9,"minecraft:melon_slice":18,"minecraft:iron_pickaxe":2712,"minecraft:gravel":1,"minecraft:stone_axe":36,"minecraft:cobblestone":102,"minecraft:cooked_porkchop":1,"minecraft:bucket":15,"minecraft:birch_log":1,"minecraft:bone_meal":38},"minecraft:crafted":{"minecraft:oak_planks":194,"minecraft:cobblestone_slab":18,"minecraft:cooked_chicken":14,"minecraft:furnace":2,"minecraft:stone":48,"minecraft:bone_meal":15,"minecraft:cooked_mutton":5,"minecraft:iron_boots":2,"minecraft:stone_pickaxe":1,"minecraft:chest":1,"minecraft:cooked_beef":8,"minecraft:cooked_porkchop":6,"minecraft:crafting_table":4,"minecraft:wooden_pickaxe":1,"minecraft:iron_helmet":2,"minecraft:iron_sword":2,"minecraft:bucket":2,"minecraft:birch_planks":36,"minecraft:bread":18,"minecraft:air":0,"minecraft:iron_chestplate":2,"minecraft:shield":2,"minecraft:stick":152,"minecraft:iron_ingot":160,"minecraft:iron_pickaxe":13,"minecraft:iron_leggings":2,"minecraft:white_bed":1,"minecraft:torch":348,"minecraft:shears":1},"minecraft:custom":{"minecraft:mob_kills":48,"minecraft:interact_with_crafting_table":38,"minecraft:open_barrel":6,"minecraft:leave_game":7,"minecraft:time_since_death":172422,"minecraft:climb_one_cm":1560,"minecraft:sprint_one_cm":51828,"minecraft:walk_one_cm":1734753,"minecraft:damage_blocked_by_shield":1491,"minecraft:drop":97,"minecraft:play_time":391346,"minecraft:deaths":4,"minecraft:sneak_time":14381,"minecraft:walk_under_water_one_cm":97120,"minecraft:jump":4656,"minecraft:interact_with_blast_furnace":10,"minecraft:walk_on_water_one_cm":78345,"minecraft:total_world_time":391346,"minecraft:interact_with_furnace":54,"minecraft:sleep_in_bed":2,"minecraft:time_since_rest":47183,"minecraft:damage_taken":3426,"minecraft:damage_dealt":8160,"minecraft:swim_one_cm":2628,"minecraft:fly_one_cm":38413,"minecraft:open_chest":102,"minecraft:crouch_one_cm":30965,"minecraft:fall_one_cm":62460,"minecraft:horse_one_cm":615432},"minecraft:mined":{"minecraft:tuff":85,"minecraft:deepslate_diamond_ore":3,"minecraft:jungle_leaves":1,"minecraft:glow_lichen":1,"minecraft:granite":1,"minecraft:grass_block":16,"minecraft:iron_ore":29,"minecraft:cobbled_deepslate":12,"minecraft:deepslate_lapis_ore":12,"minecraft:pointed_dripstone":20,"minecraft:deepslate_iron_ore":40,"minecraft:stripped_oak_log":1,"minecraft:stone":144,"minecraft:deepslate_redstone_ore":46,"minecraft:flowering_azalea":1,"minecraft:clay":12,"minecraft:torch":2,"minecraft:melon":3,"minecraft:tall_grass":1,"minecraft:cobblestone":3,"minecraft:deepslate_gold_ore":13,"minecraft:sugar_cane":1,"minecraft:wall_torch":12,"minecraft:big_dripleaf":1,"minecraft:birch_log":2,"minecraft:wheat":73,"minecraft:birch_leaves":3,"minecraft:grass":121,"minecraft:oak_log":33,"minecraft:coal_ore":187,"minecraft:gravel":18,"minecraft:dripstone_block":12,"minecraft:dirt":23,"minecraft:small_dripleaf":1,"minecraft:oak_leaves":44,"minecraft:deepslate":2170},"minecraft:dropped":{"minecraft:iron_sword":4,"minecraft:moss_block":8,"minecraft:birch_planks":6,"minecraft:wheat_seeds":124,"minecraft:glow_ink_sac":4,"minecraft:cobblestone":80,"minecraft:iron_pickaxe":2,"minecraft:string":6,"minecraft:stone_axe":1,"minecraft:moss_carpet":10,"minecraft:cobbled_deepslate":4,"minecraft:birch_sapling":1,"minecraft:raw_iron":8,"minecraft:cooked_mutton":1,"minecraft:azalea":2,"minecraft:arrow":3,"minecraft:raw_gold":1},"minecraft:killed_by":{"minecraft:creeper":1,"minecraft:warden":1,"minecraft:skeleton":1,"minecraft:zombie":1},"minecraft:killed":{"minecraft:spider":6,"minecraft:skeleton":7,"minecraft:chicken":2,"minecraft:pig":5,"minecraft:zombie_villager":1,"minecraft:creeper":1,"minecraft:sheep":3,"minecraft:zombie":17,"minecraft:cow":3},"minecraft:broken":{"minecraft:stone_pickaxe":1,"minecraft:iron_pickaxe":9,"minecraft:wooden_axe":1},"minecraft:picked_up":{"minecraft:wooden_axe":1,"minecraft:wheat":56,"minecraft:chicken":2,"minecraft:clay_ball":54,"minecraft:wooden_pickaxe":1,"minecraft:shield":1,"minecraft:string":12,"minecraft:moss_carpet":10,"minecraft:cobbled_deepslate":1999,"minecraft:beef":3,"minecraft:azalea":2,"minecraft:iron_pickaxe":4,"minecraft:melon_slice":18,"minecraft:chest":1,"minecraft:birch_sapling":1,"minecraft:egg":1,"minecraft:stick":30,"minecraft:raw_iron":146,"minecraft:big_dripleaf":1,"minecraft:torch":85,"minecraft:porkchop":6,"minecraft:pointed_dripstone":54,"minecraft:redstone":193,"minecraft:arrow":7,"minecraft:rotten_flesh":18,"minecraft:tropical_fish":108,"minecraft:mutton":7,"minecraft:cobblestone":284,"minecraft:white_wool":5,"minecraft:stripped_oak_log":1,"minecraft:birch_log":3,"minecraft:feather":3,"minecraft:cooked_beef":5,"minecraft:glow_ink_sac":18,"minecraft:leather":2,"minecraft:birch_planks":6,"minecraft:tuff":83,"minecraft:oak_log":55,"minecraft:gunpowder":3,"minecraft:lapis_lazuli":33,"minecraft:dirt":76,"minecraft:cooked_mutton":8,"minecraft:bone":6,"minecraft:apple":1,"minecraft:wheat_seeds":224,"minecraft:raw_gold":96,"minecraft:spore_blossom":1,"minecraft:moss_block":16,"minecraft:iron_sword":5,"minecraft:flowering_azalea":1,"minecraft:oak_planks":132,"minecraft:milk_bucket":1,"minecraft:cooked_porkchop":2,"minecraft:dripstone_block":9,"minecraft:gravel":16,"minecraft:spider_eye":1,"minecraft:diamond":8,"minecraft:stone_axe":4,"minecraft:bone_meal":3,"minecraft:golden_apple":1,"minecraft:bread":1,"minecraft:oak_sapling":4,"minecraft:coal":272}},"DataVersion":3465}