{"stats":{"minecraft:used":{"minecraft:stone_axe":13,"minecraft:wooden_axe":24,"minecraft:dirt":2,"minecraft:oak_sapling":1},"minecraft:crafted":{"minecraft:oak_planks":4,"minecraft:stick":8},"minecraft:custom":{"minecraft:time_since_rest":215,"minecraft:crouch_one_cm":141,"minecraft:play_time":5422,"minecraft:sprint_one_cm":607,"minecraft:damage_taken":245,"minecraft:walk_one_cm":21678,"minecraft:sneak_time":50,"minecraft:mob_kills":1,"minecraft:drop":1,"minecraft:jump":41,"minecraft:damage_dealt":187,"minecraft:time_since_death":128,"minecraft:total_world_time":5422,"minecraft:interact_with_crafting_table":3,"minecraft:fall_one_cm":335,"minecraft:fly_one_cm":481,"minecraft:deaths":1},"minecraft:mined":{"minecraft:grass_block":3,"minecraft:oak_log":22,"minecraft:dirt":5,"minecraft:stripped_oak_log":1,"minecraft:oak_leaves":10},"minecraft:dropped":{"minecraft:stone_axe":1},"minecraft:killed_by":{"minecraft:zombie":1},"minecraft:killed":{"minecraft:spider":1},"minecraft:broken":{"minecraft:wooden_axe":1},"minecraft:picked_up":{"minecraft:wooden_axe":1,"minecraft:stripped_oak_log":1,"minecraft:stone_axe":2,"minecraft:oak_log":22,"minecraft:oak_sapling":1,"minecraft:dirt":8,"minecraft:spider_eye":1,"minecraft:string":2,"minecraft:stick":2}},"DataVersion":3465}