{"stats":{"minecraft:used":{"minecraft:wheat_seeds":35,"minecraft:moss_block":4,"minecraft:water_bucket":11,"minecraft:tropical_fish":42,"minecraft:stone_pickaxe":131,"minecraft:wooden_pickaxe":3,"minecraft:chest":2,"minecraft:shield":31,"minecraft:iron_sword":313,"minecraft:torch":121,"minecraft:golden_apple":1,"minecraft:dirt":16,"minecraft:crafting_table":2,"minecraft:white_bed":1,"minecraft:axolotl_bucket":1,"minecraft:wooden_axe":24,"minecraft:apple":1,"minecraft:bread":1,"minecraft:melon_slice":18,"minecraft:iron_pickaxe":230,"minecraft:melon_seeds":2,"minecraft:stone_axe":36,"minecraft:cobblestone":84,"minecraft:furnace":1,"minecraft:oak_sapling":1,"minecraft:bucket":14,"minecraft:egg":2,"minecraft:potato":2,"minecraft:bone_meal":26,"minecraft:pointed_dripstone":26},"minecraft:killed_by":{"minecraft:skeleton":1,"minecraft:zombie":1},"minecraft:broken":{"minecraft:stone_pickaxe":1,"minecraft:wooden_axe":1},"minecraft:crafted":{"minecraft:oak_planks":136,"minecraft:cooked_porkchop":6,"minecraft:crafting_table":2,"minecraft:cooked_chicken":2,"minecraft:wooden_pickaxe":1,"minecraft:iron_helmet":1,"minecraft:iron_sword":1,"minecraft:furnace":1,"minecraft:stone":48,"minecraft:bone_meal":3,"minecraft:bucket":2,"minecraft:birch_planks":36,"minecraft:bread":4,"minecraft:cooked_mutton":5,"minecraft:air":0,"minecraft:iron_boots":1,"minecraft:iron_chestplate":1,"minecraft:shield":1,"minecraft:stick":60,"minecraft:iron_ingot":89,"minecraft:iron_pickaxe":3,"minecraft:stone_pickaxe":1,"minecraft:chest":1,"minecraft:iron_leggings":1,"minecraft:white_bed":1,"minecraft:torch":188,"minecraft:shears":1,"minecraft:cooked_beef":3},"minecraft:mined":{"minecraft:flowering_azalea":1,"minecraft:jungle_leaves":1,"minecraft:clay":10,"minecraft:torch":1,"minecraft:granite":1,"minecraft:grass_block":7,"minecraft:melon":3,"minecraft:tall_grass":1,"minecraft:cobblestone":1,"minecraft:deepslate_gold_ore":1,"minecraft:big_dripleaf":1,"minecraft:birch_log":2,"minecraft:iron_ore":29,"minecraft:wheat":14,"minecraft:birch_leaves":1,"minecraft:grass":117,"minecraft:oak_log":33,"minecraft:pointed_dripstone":19,"minecraft:coal_ore":137,"minecraft:deepslate_iron_ore":20,"minecraft:gravel":2,"minecraft:dripstone_block":11,"minecraft:dirt":6,"minecraft:stripped_oak_log":1,"minecraft:stone":130,"minecraft:small_dripleaf":1,"minecraft:oak_leaves":21,"minecraft:deepslate":4},"minecraft:killed":{"minecraft:pig":5,"minecraft:zombie_villager":1,"minecraft:spider":6,"minecraft:skeleton":3,"minecraft:sheep":3,"minecraft:zombie":12,"minecraft:chicken":2,"minecraft:cow":3},"minecraft:dropped":{"minecraft:iron_sword":1,"minecraft:moss_carpet":10,"minecraft:stone_axe":1,"minecraft:moss_block":8,"minecraft:cobbled_deepslate":4,"minecraft:birch_sapling":1,"minecraft:raw_iron":8,"minecraft:cobblestone":80,"minecraft:cooked_mutton":1,"minecraft:azalea":2,"minecraft:arrow":1,"minecraft:raw_gold":1,"minecraft:string":6},"minecraft:picked_up":{"minecraft:wooden_axe":1,"minecraft:birch_log":3,"minecraft:wheat":12,"minecraft:feather":3,"minecraft:chicken":2,"minecraft:clay_ball":54,"minecraft:glow_ink_sac":2,"minecraft:leather":2,"minecraft:wooden_pickaxe":1,"minecraft:oak_log":55,"minecraft:dirt":50,"minecraft:string":12,"minecraft:moss_carpet":10,"minecraft:cooked_mutton":1,"minecraft:bone":3,"minecraft:apple":1,"minecraft:wheat_seeds":48,"minecraft:cobbled_deepslate":4,"minecraft:raw_gold":1,"minecraft:spore_blossom":1,"minecraft:beef":3,"minecraft:azalea":2,"minecraft:iron_pickaxe":1,"minecraft:melon_slice":18,"minecraft:moss_block":16,"minecraft:iron_sword":2,"minecraft:chest":1,"minecraft:birch_sapling":1,"minecraft:oak_planks":101,"minecraft:flowering_azalea":1,"minecraft:egg":1,"minecraft:stick":27,"minecraft:raw_iron":49,"minecraft:big_dripleaf":1,"minecraft:torch":21,"minecraft:dripstone_block":7,"minecraft:gravel":4,"minecraft:porkchop":6,"minecraft:pointed_dripstone":53,"minecraft:spider_eye":1,"minecraft:arrow":1,"minecraft:rotten_flesh":15,"minecraft:tropical_fish":42,"minecraft:stone_axe":4,"minecraft:bone_meal":1,"minecraft:golden_apple":1,"minecraft:oak_sapling":2,"minecraft:mutton":5,"minecraft:coal":191,"minecraft:white_wool":3,"minecraft:cobblestone":265,"minecraft:stripped_oak_log":1},"minecraft:custom":{"minecraft:interact_with_furnace":31,"minecraft:mob_kills":35,"minecraft:interact_with_crafting_table":21,"minecraft:leave_game":4,"minecraft:time_since_death":122843,"minecraft:climb_one_cm":1227,"minecraft:time_since_rest":122883,"minecraft:sprint_one_cm":14483,"minecraft:damage_taken":1328,"minecraft:walk_one_cm":825261,"minecraft:damage_blocked_by_shield":735,"minecraft:drop":23,"minecraft:damage_dealt":5145,"minecraft:swim_one_cm":2628,"minecraft:fly_one_cm":15305,"minecraft:open_chest":58,"minecraft:play_time":158317,"minecraft:crouch_one_cm":11948,"minecraft:sneak_time":5547,"minecraft:deaths":2,"minecraft:walk_under_water_one_cm":55340,"minecraft:jump":2355,"minecraft:interact_with_blast_furnace":4,"minecraft:walk_on_water_one_cm":50597,"minecraft:total_world_time":158317,"minecraft:fall_one_cm":35982}},"DataVersion":3465}