{"stats":{"minecraft:used":{"minecraft:wooden_axe":24,"minecraft:stone_pickaxe":131,"minecraft:iron_pickaxe":44,"minecraft:wooden_pickaxe":3,"minecraft:torch":5,"minecraft:stone_axe":13,"minecraft:dirt":11,"minecraft:cobblestone":4,"minecraft:crafting_table":1,"minecraft:furnace":1,"minecraft:oak_sapling":1},"minecraft:killed_by":{"minecraft:zombie":1},"minecraft:broken":{"minecraft:wooden_axe":1,"minecraft:stone_pickaxe":1},"minecraft:mined":{"minecraft:iron_ore":21,"minecraft:oak_log":22,"minecraft:grass_block":6,"minecraft:coal_ore":68,"minecraft:gravel":2,"minecraft:dirt":5,"minecraft:stripped_oak_log":1,"minecraft:stone":87,"minecraft:oak_leaves":10},"minecraft:crafted":{"minecraft:oak_planks":24,"minecraft:crafting_table":1,"minecraft:stick":32,"minecraft:iron_pickaxe":1,"minecraft:iron_ingot":37,"minecraft:wooden_pickaxe":1,"minecraft:stone_pickaxe":1,"minecraft:furnace":1,"minecraft:torch":24},"minecraft:killed":{"minecraft:spider":1},"minecraft:dropped":{"minecraft:stone_axe":1,"minecraft:raw_iron":8},"minecraft:picked_up":{"minecraft:wooden_axe":1,"minecraft:stripped_oak_log":1,"minecraft:stick":12,"minecraft:raw_iron":21,"minecraft:gravel":2,"minecraft:oak_log":44,"minecraft:string":2,"minecraft:spider_eye":1,"minecraft:dirt":17,"minecraft:stone_axe":3,"minecraft:oak_sapling":2,"minecraft:coal":68,"minecraft:cobblestone":76},"minecraft:custom":{"minecraft:time_since_rest":17258,"minecraft:interact_with_furnace":3,"minecraft:sprint_one_cm":2224,"minecraft:walk_one_cm":66788,"minecraft:damage_taken":265,"minecraft:mob_kills":1,"minecraft:drop":9,"minecraft:damage_dealt":187,"minecraft:interact_with_crafting_table":9,"minecraft:fly_one_cm":934,"minecraft:open_chest":3,"minecraft:crouch_one_cm":1040,"minecraft:play_time":22465,"minecraft:deaths":1,"minecraft:sneak_time":429,"minecraft:jump":214,"minecraft:time_since_death":17171,"minecraft:total_world_time":22465,"minecraft:fall_one_cm":2231}},"DataVersion":3465}