{"stats":{"minecraft:used":{"minecraft:wooden_axe":24,"minecraft:stone_pickaxe":131,"minecraft:iron_pickaxe":109,"minecraft:chest":2,"minecraft:wooden_pickaxe":3,"minecraft:torch":26,"minecraft:stone_axe":30,"minecraft:dirt":11,"minecraft:cobblestone":62,"minecraft:crafting_table":2,"minecraft:furnace":1,"minecraft:oak_sapling":1},"minecraft:killed_by":{"minecraft:zombie":1},"minecraft:broken":{"minecraft:wooden_axe":1,"minecraft:stone_pickaxe":1},"minecraft:mined":{"minecraft:iron_ore":21,"minecraft:torch":1,"minecraft:pointed_dripstone":3,"minecraft:oak_log":33,"minecraft:grass_block":6,"minecraft:coal_ore":108,"minecraft:dripstone_block":1,"minecraft:gravel":2,"minecraft:dirt":5,"minecraft:stripped_oak_log":1,"minecraft:cobblestone":1,"minecraft:stone":107,"minecraft:oak_leaves":17},"minecraft:crafted":{"minecraft:oak_planks":136,"minecraft:crafting_table":2,"minecraft:stick":32,"minecraft:iron_pickaxe":1,"minecraft:iron_ingot":37,"minecraft:wooden_pickaxe":1,"minecraft:stone_pickaxe":1,"minecraft:chest":1,"minecraft:furnace":1,"minecraft:torch":60},"minecraft:killed":{"minecraft:zombie":1,"minecraft:spider":1},"minecraft:dropped":{"minecraft:stone_axe":1,"minecraft:raw_iron":8},"minecraft:picked_up":{"minecraft:wooden_axe":1,"minecraft:stripped_oak_log":1,"minecraft:stick":14,"minecraft:raw_iron":21,"minecraft:torch":1,"minecraft:dripstone_block":1,"minecraft:gravel":2,"minecraft:oak_log":55,"minecraft:pointed_dripstone":10,"minecraft:string":2,"minecraft:spider_eye":1,"minecraft:dirt":33,"minecraft:rotten_flesh":1,"minecraft:stone_axe":3,"minecraft:oak_sapling":2,"minecraft:chest":1,"minecraft:coal":119,"minecraft:cobblestone":153},"minecraft:custom":{"minecraft:time_since_rest":29258,"minecraft:interact_with_furnace":4,"minecraft:sprint_one_cm":2808,"minecraft:walk_one_cm":126511,"minecraft:damage_taken":385,"minecraft:mob_kills":2,"minecraft:drop":9,"minecraft:damage_dealt":387,"minecraft:interact_with_crafting_table":11,"minecraft:fly_one_cm":1089,"minecraft:open_chest":6,"minecraft:crouch_one_cm":3295,"minecraft:play_time":34465,"minecraft:deaths":1,"minecraft:sneak_time":1452,"minecraft:jump":356,"minecraft:time_since_death":29171,"minecraft:total_world_time":34465,"minecraft:fall_one_cm":5146}},"DataVersion":3465}