{"stats":{"minecraft:used":{"minecraft:moss_block":4,"minecraft:tropical_fish":42,"minecraft:chest":2,"minecraft:shield":42,"minecraft:iron_sword":382,"minecraft:torch":202,"minecraft:dirt":19,"minecraft:axolotl_bucket":1,"minecraft:wooden_axe":24,"minecraft:melon_seeds":2,"minecraft:furnace":1,"minecraft:oak_sapling":1,"minecraft:egg":2,"minecraft:potato":2,"minecraft:cobbled_deepslate":3,"minecraft:pointed_dripstone":26,"minecraft:wheat_seeds":45,"minecraft:water_bucket":12,"minecraft:stone_pickaxe":131,"minecraft:wooden_pickaxe":3,"minecraft:golden_apple":1,"minecraft:crafting_table":2,"minecraft:white_bed":1,"minecraft:apple":1,"minecraft:melon_slice":18,"minecraft:bread":7,"minecraft:iron_pickaxe":385,"minecraft:stone_axe":36,"minecraft:cobblestone":100,"minecraft:birch_log":1,"minecraft:bucket":14,"minecraft:bone_meal":38},"minecraft:crafted":{"minecraft:oak_planks":154,"minecraft:cooked_chicken":2,"minecraft:furnace":1,"minecraft:stone":48,"minecraft:bone_meal":15,"minecraft:cooked_mutton":5,"minecraft:iron_boots":1,"minecraft:stone_pickaxe":1,"minecraft:chest":1,"minecraft:cooked_beef":8,"minecraft:cooked_porkchop":6,"minecraft:crafting_table":2,"minecraft:wooden_pickaxe":1,"minecraft:iron_helmet":1,"minecraft:iron_sword":2,"minecraft:bucket":2,"minecraft:birch_planks":36,"minecraft:bread":6,"minecraft:air":0,"minecraft:iron_chestplate":1,"minecraft:shield":2,"minecraft:stick":100,"minecraft:iron_ingot":89,"minecraft:iron_pickaxe":5,"minecraft:iron_leggings":1,"minecraft:white_bed":1,"minecraft:torch":284,"minecraft:shears":1},"minecraft:custom":{"minecraft:mob_kills":45,"minecraft:interact_with_crafting_table":25,"minecraft:leave_game":6,"minecraft:time_since_death":12022,"minecraft:climb_one_cm":1227,"minecraft:sprint_one_cm":14483,"minecraft:walk_one_cm":1044420,"minecraft:damage_blocked_by_shield":1040,"minecraft:drop":38,"minecraft:play_time":202353,"minecraft:deaths":3,"minecraft:sneak_time":9951,"minecraft:walk_under_water_one_cm":73518,"minecraft:jump":2838,"minecraft:interact_with_blast_furnace":4,"minecraft:walk_on_water_one_cm":59797,"minecraft:total_world_time":202353,"minecraft:interact_with_furnace":32,"minecraft:time_since_rest":12111,"minecraft:damage_taken":1924,"minecraft:damage_dealt":7287,"minecraft:swim_one_cm":2628,"minecraft:fly_one_cm":18580,"minecraft:open_chest":77,"minecraft:crouch_one_cm":21303,"minecraft:fall_one_cm":46585},"minecraft:mined":{"minecraft:jungle_leaves":1,"minecraft:granite":1,"minecraft:grass_block":8,"minecraft:iron_ore":29,"minecraft:pointed_dripstone":20,"minecraft:deepslate_iron_ore":20,"minecraft:stripped_oak_log":1,"minecraft:stone":143,"minecraft:deepslate_redstone_ore":2,"minecraft:flowering_azalea":1,"minecraft:clay":12,"minecraft:torch":1,"minecraft:melon":3,"minecraft:tall_grass":1,"minecraft:cobblestone":1,"minecraft:deepslate_gold_ore":1,"minecraft:big_dripleaf":1,"minecraft:birch_log":2,"minecraft:wheat":24,"minecraft:birch_leaves":1,"minecraft:grass":117,"minecraft:oak_log":33,"minecraft:coal_ore":182,"minecraft:gravel":2,"minecraft:dripstone_block":11,"minecraft:dirt":9,"minecraft:small_dripleaf":1,"minecraft:oak_leaves":24,"minecraft:deepslate":88},"minecraft:dropped":{"minecraft:iron_sword":2,"minecraft:moss_block":8,"minecraft:birch_planks":6,"minecraft:wheat_seeds":8,"minecraft:cobblestone":80,"minecraft:string":6,"minecraft:stone_axe":1,"minecraft:moss_carpet":10,"minecraft:cobbled_deepslate":4,"minecraft:birch_sapling":1,"minecraft:raw_iron":8,"minecraft:cooked_mutton":1,"minecraft:azalea":2,"minecraft:arrow":1,"minecraft:raw_gold":1},"minecraft:killed_by":{"minecraft:warden":1,"minecraft:skeleton":1,"minecraft:zombie":1},"minecraft:killed":{"minecraft:spider":6,"minecraft:skeleton":5,"minecraft:chicken":2,"minecraft:pig":5,"minecraft:zombie_villager":1,"minecraft:sheep":3,"minecraft:zombie":17,"minecraft:cow":3},"minecraft:broken":{"minecraft:stone_pickaxe":1,"minecraft:iron_pickaxe":1,"minecraft:wooden_axe":1},"minecraft:picked_up":{"minecraft:wooden_axe":1,"minecraft:wheat":19,"minecraft:chicken":2,"minecraft:clay_ball":54,"minecraft:wooden_pickaxe":1,"minecraft:string":12,"minecraft:moss_carpet":10,"minecraft:cobbled_deepslate":88,"minecraft:beef":3,"minecraft:azalea":2,"minecraft:iron_pickaxe":1,"minecraft:melon_slice":18,"minecraft:chest":1,"minecraft:birch_sapling":1,"minecraft:egg":1,"minecraft:stick":27,"minecraft:raw_iron":49,"minecraft:big_dripleaf":1,"minecraft:torch":22,"minecraft:porkchop":6,"minecraft:pointed_dripstone":54,"minecraft:redstone":8,"minecraft:arrow":3,"minecraft:rotten_flesh":18,"minecraft:tropical_fish":47,"minecraft:mutton":5,"minecraft:cobblestone":277,"minecraft:white_wool":3,"minecraft:stripped_oak_log":1,"minecraft:birch_log":3,"minecraft:feather":3,"minecraft:glow_ink_sac":6,"minecraft:leather":2,"minecraft:birch_planks":6,"minecraft:oak_log":55,"minecraft:dirt":54,"minecraft:cooked_mutton":1,"minecraft:bone":3,"minecraft:apple":1,"minecraft:wheat_seeds":66,"minecraft:raw_gold":1,"minecraft:spore_blossom":1,"minecraft:moss_block":16,"minecraft:flowering_azalea":1,"minecraft:oak_planks":101,"minecraft:iron_sword":2,"minecraft:gravel":4,"minecraft:dripstone_block":8,"minecraft:spider_eye":1,"minecraft:stone_axe":4,"minecraft:bone_meal":3,"minecraft:golden_apple":1,"minecraft:oak_sapling":2,"minecraft:coal":236}},"DataVersion":3465}