{"stats":{"minecraft:used":{"minecraft:stone_pickaxe":131,"minecraft:shield":9,"minecraft:chest":2,"minecraft:wooden_pickaxe":3,"minecraft:iron_sword":28,"minecraft:torch":35,"minecraft:golden_apple":1,"minecraft:dirt":11,"minecraft:crafting_table":2,"minecraft:wooden_axe":24,"minecraft:melon_slice":1,"minecraft:iron_pickaxe":156,"minecraft:stone_axe":30,"minecraft:cobblestone":71,"minecraft:oak_sapling":1,"minecraft:furnace":1,"minecraft:bucket":1},"minecraft:broken":{"minecraft:wooden_axe":1,"minecraft:stone_pickaxe":1},"minecraft:killed_by":{"minecraft:skeleton":1,"minecraft:zombie":1},"minecraft:mined":{"minecraft:jungle_leaves":1,"minecraft:torch":1,"minecraft:grass_block":6,"minecraft:melon":3,"minecraft:cobblestone":1,"minecraft:birch_log":2,"minecraft:iron_ore":29,"minecraft:birch_leaves":1,"minecraft:grass":3,"minecraft:coal_ore":137,"minecraft:pointed_dripstone":3,"minecraft:oak_log":33,"minecraft:gravel":2,"minecraft:dripstone_block":1,"minecraft:dirt":5,"minecraft:stripped_oak_log":1,"minecraft:stone":116,"minecraft:oak_leaves":20},"minecraft:crafted":{"minecraft:oak_planks":136,"minecraft:crafting_table":2,"minecraft:wooden_pickaxe":1,"minecraft:iron_helmet":1,"minecraft:iron_sword":1,"minecraft:furnace":1,"minecraft:bucket":1,"minecraft:birch_planks":8,"minecraft:iron_boots":1,"minecraft:iron_chestplate":1,"minecraft:shield":1,"minecraft:stick":32,"minecraft:iron_ingot":37,"minecraft:iron_pickaxe":1,"minecraft:stone_pickaxe":1,"minecraft:chest":1,"minecraft:iron_leggings":1,"minecraft:torch":60},"minecraft:killed":{"minecraft:spider":2,"minecraft:sheep":1,"minecraft:zombie":1},"minecraft:dropped":{"minecraft:iron_sword":1,"minecraft:stone_axe":1,"minecraft:raw_iron":8},"minecraft:picked_up":{"minecraft:wooden_axe":1,"minecraft:stripped_oak_log":1,"minecraft:birch_log":3,"minecraft:wooden_pickaxe":1,"minecraft:oak_log":55,"minecraft:dirt":49,"minecraft:string":4,"minecraft:apple":1,"minecraft:iron_pickaxe":1,"minecraft:melon_slice":18,"minecraft:chest":1,"minecraft:iron_sword":2,"minecraft:oak_planks":101,"minecraft:stick":27,"minecraft:raw_iron":29,"minecraft:torch":19,"minecraft:gravel":4,"minecraft:dripstone_block":1,"minecraft:pointed_dripstone":10,"minecraft:spider_eye":1,"minecraft:rotten_flesh":1,"minecraft:stone_axe":4,"minecraft:golden_apple":1,"minecraft:oak_sapling":2,"minecraft:mutton":1,"minecraft:coal":191,"minecraft:white_wool":1,"minecraft:cobblestone":244},"minecraft:custom":{"minecraft:interact_with_furnace":4,"minecraft:mob_kills":4,"minecraft:interact_with_crafting_table":15,"minecraft:time_since_death":22991,"minecraft:climb_one_cm":1227,"minecraft:time_since_rest":23031,"minecraft:sprint_one_cm":3130,"minecraft:damage_taken":633,"minecraft:walk_one_cm":309589,"minecraft:damage_blocked_by_shield":190,"minecraft:drop":10,"minecraft:damage_dealt":843,"minecraft:fly_one_cm":1938,"minecraft:open_chest":10,"minecraft:crouch_one_cm":5169,"minecraft:play_time":58465,"minecraft:deaths":2,"minecraft:sneak_time":1893,"minecraft:jump":932,"minecraft:walk_on_water_one_cm":2,"minecraft:total_world_time":58465,"minecraft:fall_one_cm":12964}},"DataVersion":3465}