{"stats":{"minecraft:used":{"minecraft:moss_block":4,"minecraft:tropical_fish":42,"minecraft:chest":2,"minecraft:shield":76,"minecraft:iron_sword":455,"minecraft:cooked_chicken":4,"minecraft:iron_chestplate":1,"minecraft:torch":341,"minecraft:dirt":36,"minecraft:tuff":2,"minecraft:axolotl_bucket":1,"minecraft:wooden_axe":24,"minecraft:iron_helmet":1,"minecraft:melon_seeds":2,"minecraft:oak_sapling":1,"minecraft:furnace":2,"minecraft:egg":3,"minecraft:cooked_beef":5,"minecraft:potato":2,"minecraft:cobbled_deepslate":116,"minecraft:pointed_dripstone":26,"minecraft:wheat_seeds":87,"minecraft:cooked_mutton":7,"minecraft:water_bucket":29,"minecraft:stone_pickaxe":131,"minecraft:wooden_pickaxe":3,"minecraft:cobblestone_slab":18,"minecraft:golden_apple":1,"minecraft:crafting_table":4,"minecraft:white_bed":1,"minecraft:dripstone_block":1,"minecraft:apple":1,"minecraft:bread":12,"minecraft:melon_slice":18,"minecraft:iron_pickaxe":3353,"minecraft:gravel":1,"minecraft:stone_axe":36,"minecraft:fire_charge":1,"minecraft:cobblestone":109,"minecraft:cooked_porkchop":1,"minecraft:bucket":31,"minecraft:birch_log":1,"minecraft:bone_meal":38},"minecraft:crafted":{"minecraft:oak_planks":194,"minecraft:cobblestone_slab":18,"minecraft:cooked_chicken":14,"minecraft:furnace":2,"minecraft:stone":48,"minecraft:bone_meal":15,"minecraft:cooked_mutton":5,"minecraft:iron_boots":2,"minecraft:stone_pickaxe":1,"minecraft:chest":1,"minecraft:cooked_beef":8,"minecraft:cooked_porkchop":6,"minecraft:crafting_table":4,"minecraft:wooden_pickaxe":1,"minecraft:iron_helmet":2,"minecraft:iron_sword":3,"minecraft:bucket":2,"minecraft:birch_planks":36,"minecraft:bread":18,"minecraft:air":0,"minecraft:iron_chestplate":2,"minecraft:shield":2,"minecraft:stick":160,"minecraft:iron_ingot":181,"minecraft:iron_pickaxe":18,"minecraft:iron_leggings":2,"minecraft:white_bed":1,"minecraft:torch":408,"minecraft:shears":1},"minecraft:custom":{"minecraft:mob_kills":56,"minecraft:interact_with_crafting_table":43,"minecraft:open_barrel":9,"minecraft:leave_game":10,"minecraft:time_since_death":11277,"minecraft:climb_one_cm":1560,"minecraft:sprint_one_cm":55106,"minecraft:walk_one_cm":1967868,"minecraft:damage_blocked_by_shield":1836,"minecraft:drop":99,"minecraft:play_time":454833,"minecraft:deaths":5,"minecraft:sneak_time":18333,"minecraft:walk_under_water_one_cm":112550,"minecraft:jump":5522,"minecraft:interact_with_blast_furnace":16,"minecraft:walk_on_water_one_cm":86347,"minecraft:total_world_time":454833,"minecraft:interact_with_furnace":64,"minecraft:sleep_in_bed":2,"minecraft:time_since_rest":11340,"minecraft:damage_taken":4289,"minecraft:damage_dealt":9318,"minecraft:swim_one_cm":2628,"minecraft:fly_one_cm":43166,"minecraft:open_chest":142,"minecraft:crouch_one_cm":39245,"minecraft:fall_one_cm":77240,"minecraft:horse_one_cm":615432},"minecraft:mined":{"minecraft:tuff":129,"minecraft:deepslate_diamond_ore":3,"minecraft:jungle_leaves":1,"minecraft:glow_lichen":1,"minecraft:granite":1,"minecraft:grass_block":17,"minecraft:iron_ore":50,"minecraft:cobbled_deepslate":12,"minecraft:fire":1,"minecraft:deepslate_lapis_ore":16,"minecraft:pointed_dripstone":21,"minecraft:deepslate_iron_ore":40,"minecraft:stripped_oak_log":1,"minecraft:stone":210,"minecraft:deepslate_redstone_ore":65,"minecraft:flowering_azalea":1,"minecraft:clay":12,"minecraft:torch":2,"minecraft:melon":3,"minecraft:tall_grass":1,"minecraft:cobblestone":6,"minecraft:deepslate_gold_ore":13,"minecraft:sugar_cane":1,"minecraft:wall_torch":14,"minecraft:big_dripleaf":1,"minecraft:birch_log":2,"minecraft:wheat":73,"minecraft:birch_leaves":3,"minecraft:grass":121,"minecraft:oak_log":33,"minecraft:coal_ore":420,"minecraft:gravel":18,"minecraft:dripstone_block":12,"minecraft:dirt":29,"minecraft:small_dripleaf":1,"minecraft:oak_leaves":44,"minecraft:deepslate":2392},"minecraft:dropped":{"minecraft:iron_sword":5,"minecraft:moss_block":8,"minecraft:birch_planks":6,"minecraft:wheat_seeds":124,"minecraft:glow_ink_sac":4,"minecraft:cobblestone":80,"minecraft:iron_pickaxe":3,"minecraft:string":6,"minecraft:stone_axe":1,"minecraft:moss_carpet":10,"minecraft:cobbled_deepslate":4,"minecraft:birch_sapling":1,"minecraft:raw_iron":8,"minecraft:cooked_mutton":1,"minecraft:azalea":2,"minecraft:arrow":3,"minecraft:raw_gold":1},"minecraft:killed_by":{"minecraft:creeper":1,"minecraft:warden":1,"minecraft:skeleton":1,"minecraft:zombie":1},"minecraft:killed":{"minecraft:spider":7,"minecraft:skeleton":7,"minecraft:chicken":2,"minecraft:wolf":1,"minecraft:pig":5,"minecraft:zombie_villager":1,"minecraft:creeper":1,"minecraft:sheep":3,"minecraft:zombie":21,"minecraft:cow":3},"minecraft:broken":{"minecraft:stone_pickaxe":1,"minecraft:iron_pickaxe":12,"minecraft:wooden_axe":1},"minecraft:picked_up":{"minecraft:wooden_axe":1,"minecraft:iron_chestplate":1,"minecraft:wheat":56,"minecraft:chicken":2,"minecraft:clay_ball":54,"minecraft:wooden_pickaxe":1,"minecraft:shield":2,"minecraft:string":12,"minecraft:moss_carpet":10,"minecraft:iron_leggings":1,"minecraft:cobbled_deepslate":2253,"minecraft:beef":3,"minecraft:azalea":2,"minecraft:iron_pickaxe":7,"minecraft:melon_slice":18,"minecraft:chest":1,"minecraft:birch_sapling":1,"minecraft:iron_boots":1,"minecraft:egg":1,"minecraft:stick":48,"minecraft:raw_iron":167,"minecraft:big_dripleaf":1,"minecraft:torch":87,"minecraft:porkchop":6,"minecraft:fire_charge":1,"minecraft:pointed_dripstone":54,"minecraft:redstone":282,"minecraft:arrow":22,"minecraft:rotten_flesh":20,"minecraft:tropical_fish":108,"minecraft:mutton":7,"minecraft:white_wool":5,"minecraft:cobblestone":405,"minecraft:stripped_oak_log":1,"minecraft:birch_log":3,"minecraft:feather":3,"minecraft:cooked_beef":5,"minecraft:water_bucket":1,"minecraft:glow_ink_sac":27,"minecraft:leather":2,"minecraft:birch_planks":6,"minecraft:tuff":127,"minecraft:oak_log":55,"minecraft:gunpowder":3,"minecraft:lapis_lazuli":63,"minecraft:dirt":98,"minecraft:cooked_mutton":8,"minecraft:bone":6,"minecraft:apple":1,"minecraft:bow":2,"minecraft:wheat_seeds":224,"minecraft:raw_gold":96,"minecraft:spore_blossom":1,"minecraft:iron_ingot":21,"minecraft:moss_block":16,"minecraft:iron_sword":6,"minecraft:flowering_azalea":1,"minecraft:oak_planks":169,"minecraft:milk_bucket":2,"minecraft:cooked_porkchop":62,"minecraft:dripstone_block":9,"minecraft:gravel":16,"minecraft:spider_eye":1,"minecraft:diamond":8,"minecraft:stone_axe":4,"minecraft:iron_helmet":1,"minecraft:bone_meal":3,"minecraft:golden_apple":1,"minecraft:bread":11,"minecraft:oak_sapling":4,"minecraft:coal":568}},"DataVersion":3465}