{"stats":{"minecraft:used":{"minecraft:water_bucket":11,"minecraft:tropical_fish":9,"minecraft:stone_pickaxe":131,"minecraft:wooden_pickaxe":3,"minecraft:chest":2,"minecraft:shield":22,"minecraft:iron_sword":123,"minecraft:torch":102,"minecraft:golden_apple":1,"minecraft:dirt":16,"minecraft:crafting_table":2,"minecraft:white_bed":1,"minecraft:axolotl_bucket":1,"minecraft:wooden_axe":24,"minecraft:melon_slice":18,"minecraft:iron_pickaxe":205,"minecraft:stone_axe":36,"minecraft:cobblestone":79,"minecraft:furnace":1,"minecraft:oak_sapling":1,"minecraft:bucket":13,"minecraft:pointed_dripstone":26},"minecraft:killed_by":{"minecraft:skeleton":1,"minecraft:zombie":1},"minecraft:broken":{"minecraft:stone_pickaxe":1,"minecraft:wooden_axe":1},"minecraft:crafted":{"minecraft:oak_planks":136,"minecraft:crafting_table":2,"minecraft:wooden_pickaxe":1,"minecraft:iron_helmet":1,"minecraft:iron_sword":1,"minecraft:furnace":1,"minecraft:bucket":1,"minecraft:birch_planks":12,"minecraft:cooked_mutton":1,"minecraft:air":0,"minecraft:iron_boots":1,"minecraft:iron_chestplate":1,"minecraft:shield":1,"minecraft:stick":40,"minecraft:iron_ingot":74,"minecraft:iron_pickaxe":3,"minecraft:stone_pickaxe":1,"minecraft:chest":1,"minecraft:iron_leggings":1,"minecraft:white_bed":1,"minecraft:torch":124},"minecraft:mined":{"minecraft:flowering_azalea":1,"minecraft:jungle_leaves":1,"minecraft:clay":10,"minecraft:torch":1,"minecraft:granite":1,"minecraft:grass_block":6,"minecraft:melon":3,"minecraft:tall_grass":1,"minecraft:cobblestone":1,"minecraft:birch_log":2,"minecraft:iron_ore":29,"minecraft:birch_leaves":1,"minecraft:grass":5,"minecraft:oak_log":33,"minecraft:pointed_dripstone":19,"minecraft:coal_ore":137,"minecraft:deepslate_iron_ore":12,"minecraft:gravel":2,"minecraft:dripstone_block":8,"minecraft:dirt":6,"minecraft:stripped_oak_log":1,"minecraft:stone":121,"minecraft:small_dripleaf":1,"minecraft:oak_leaves":20,"minecraft:deepslate":1},"minecraft:killed":{"minecraft:zombie_villager":1,"minecraft:spider":3,"minecraft:skeleton":1,"minecraft:sheep":1,"minecraft:zombie":11},"minecraft:dropped":{"minecraft:iron_sword":1,"minecraft:stone_axe":1,"minecraft:birch_sapling":1,"minecraft:raw_iron":8,"minecraft:cobblestone":80},"minecraft:picked_up":{"minecraft:wooden_axe":1,"minecraft:birch_log":3,"minecraft:clay_ball":47,"minecraft:wooden_pickaxe":1,"minecraft:oak_log":55,"minecraft:dirt":49,"minecraft:string":7,"minecraft:moss_carpet":5,"minecraft:bone":2,"minecraft:apple":1,"minecraft:cobbled_deepslate":1,"minecraft:azalea":2,"minecraft:iron_pickaxe":1,"minecraft:melon_slice":18,"minecraft:moss_block":8,"minecraft:iron_sword":2,"minecraft:chest":1,"minecraft:birch_sapling":1,"minecraft:oak_planks":101,"minecraft:flowering_azalea":1,"minecraft:stick":27,"minecraft:raw_iron":41,"minecraft:torch":21,"minecraft:gravel":4,"minecraft:dripstone_block":4,"minecraft:pointed_dripstone":53,"minecraft:spider_eye":1,"minecraft:rotten_flesh":13,"minecraft:tropical_fish":36,"minecraft:stone_axe":4,"minecraft:bone_meal":1,"minecraft:golden_apple":1,"minecraft:oak_sapling":2,"minecraft:mutton":1,"minecraft:coal":191,"minecraft:white_wool":1,"minecraft:cobblestone":258,"minecraft:stripped_oak_log":1},"minecraft:custom":{"minecraft:interact_with_furnace":11,"minecraft:mob_kills":17,"minecraft:interact_with_crafting_table":18,"minecraft:leave_game":2,"minecraft:time_since_death":81150,"minecraft:climb_one_cm":1227,"minecraft:time_since_rest":81190,"minecraft:sprint_one_cm":3523,"minecraft:damage_taken":1089,"minecraft:walk_one_cm":560720,"minecraft:damage_blocked_by_shield":455,"minecraft:drop":13,"minecraft:damage_dealt":3302,"minecraft:fly_one_cm":4444,"minecraft:open_chest":18,"minecraft:play_time":116624,"minecraft:crouch_one_cm":10106,"minecraft:deaths":2,"minecraft:sneak_time":4716,"minecraft:walk_under_water_one_cm":41581,"minecraft:jump":1691,"minecraft:walk_on_water_one_cm":37935,"minecraft:total_world_time":116624,"minecraft:fall_one_cm":29094}},"DataVersion":3465}