{"stats":{"minecraft:used":{"minecraft:water_bucket":11,"minecraft:stone_pickaxe":131,"minecraft:wooden_pickaxe":3,"minecraft:chest":2,"minecraft:shield":20,"minecraft:iron_sword":111,"minecraft:torch":80,"minecraft:golden_apple":1,"minecraft:dirt":16,"minecraft:crafting_table":2,"minecraft:white_bed":1,"minecraft:axolotl_bucket":1,"minecraft:wooden_axe":24,"minecraft:melon_slice":18,"minecraft:iron_pickaxe":194,"minecraft:stone_axe":36,"minecraft:cobblestone":71,"minecraft:furnace":1,"minecraft:oak_sapling":1,"minecraft:bucket":13,"minecraft:pointed_dripstone":26},"minecraft:killed_by":{"minecraft:skeleton":1,"minecraft:zombie":1},"minecraft:broken":{"minecraft:stone_pickaxe":1,"minecraft:wooden_axe":1},"minecraft:crafted":{"minecraft:oak_planks":136,"minecraft:crafting_table":2,"minecraft:wooden_pickaxe":1,"minecraft:iron_helmet":1,"minecraft:iron_sword":1,"minecraft:furnace":1,"minecraft:bucket":1,"minecraft:birch_planks":12,"minecraft:cooked_mutton":1,"minecraft:air":0,"minecraft:iron_boots":1,"minecraft:iron_chestplate":1,"minecraft:shield":1,"minecraft:stick":40,"minecraft:iron_ingot":74,"minecraft:iron_pickaxe":3,"minecraft:stone_pickaxe":1,"minecraft:chest":1,"minecraft:iron_leggings":1,"minecraft:white_bed":1,"minecraft:torch":124},"minecraft:mined":{"minecraft:flowering_azalea":1,"minecraft:jungle_leaves":1,"minecraft:clay":10,"minecraft:torch":1,"minecraft:granite":1,"minecraft:grass_block":6,"minecraft:melon":3,"minecraft:tall_grass":1,"minecraft:cobblestone":1,"minecraft:birch_log":2,"minecraft:iron_ore":29,"minecraft:birch_leaves":1,"minecraft:grass":5,"minecraft:oak_log":33,"minecraft:pointed_dripstone":19,"minecraft:coal_ore":137,"minecraft:deepslate_iron_ore":2,"minecraft:gravel":2,"minecraft:dripstone_block":8,"minecraft:dirt":6,"minecraft:stripped_oak_log":1,"minecraft:stone":121,"minecraft:small_dripleaf":1,"minecraft:oak_leaves":20},"minecraft:killed":{"minecraft:spider":2,"minecraft:skeleton":1,"minecraft:sheep":1,"minecraft:zombie":10},"minecraft:dropped":{"minecraft:iron_sword":1,"minecraft:stone_axe":1,"minecraft:birch_sapling":1,"minecraft:raw_iron":8,"minecraft:cobblestone":80},"minecraft:picked_up":{"minecraft:wooden_axe":1,"minecraft:birch_log":3,"minecraft:clay_ball":47,"minecraft:wooden_pickaxe":1,"minecraft:oak_log":55,"minecraft:dirt":49,"minecraft:string":5,"minecraft:moss_carpet":5,"minecraft:bone":2,"minecraft:apple":1,"minecraft:azalea":2,"minecraft:iron_pickaxe":1,"minecraft:melon_slice":18,"minecraft:moss_block":8,"minecraft:iron_sword":2,"minecraft:chest":1,"minecraft:birch_sapling":1,"minecraft:oak_planks":101,"minecraft:flowering_azalea":1,"minecraft:stick":27,"minecraft:raw_iron":31,"minecraft:torch":21,"minecraft:gravel":4,"minecraft:dripstone_block":4,"minecraft:pointed_dripstone":53,"minecraft:spider_eye":1,"minecraft:rotten_flesh":10,"minecraft:tropical_fish":36,"minecraft:stone_axe":4,"minecraft:bone_meal":1,"minecraft:golden_apple":1,"minecraft:oak_sapling":2,"minecraft:mutton":1,"minecraft:coal":191,"minecraft:white_wool":1,"minecraft:cobblestone":258,"minecraft:stripped_oak_log":1},"minecraft:custom":{"minecraft:interact_with_furnace":11,"minecraft:mob_kills":14,"minecraft:interact_with_crafting_table":18,"minecraft:leave_game":2,"minecraft:time_since_death":73182,"minecraft:climb_one_cm":1227,"minecraft:time_since_rest":73222,"minecraft:sprint_one_cm":3429,"minecraft:damage_taken":1034,"minecraft:walk_one_cm":526677,"minecraft:damage_blocked_by_shield":405,"minecraft:drop":13,"minecraft:damage_dealt":2832,"minecraft:fly_one_cm":3899,"minecraft:open_chest":18,"minecraft:play_time":108656,"minecraft:crouch_one_cm":8919,"minecraft:deaths":2,"minecraft:sneak_time":3828,"minecraft:walk_under_water_one_cm":40695,"minecraft:jump":1523,"minecraft:walk_on_water_one_cm":28621,"minecraft:total_world_time":108656,"minecraft:fall_one_cm":27422}},"DataVersion":3465}