{"stats":{"minecraft:used":{"minecraft:water_bucket":3,"minecraft:stone_pickaxe":131,"minecraft:wooden_pickaxe":3,"minecraft:chest":2,"minecraft:shield":19,"minecraft:iron_sword":90,"minecraft:torch":60,"minecraft:golden_apple":1,"minecraft:dirt":14,"minecraft:crafting_table":2,"minecraft:wooden_axe":24,"minecraft:melon_slice":6,"minecraft:iron_pickaxe":157,"minecraft:stone_axe":30,"minecraft:cobblestone":71,"minecraft:furnace":1,"minecraft:oak_sapling":1,"minecraft:bucket":3},"minecraft:crafted":{"minecraft:oak_planks":136,"minecraft:crafting_table":2,"minecraft:wooden_pickaxe":1,"minecraft:iron_helmet":1,"minecraft:iron_sword":1,"minecraft:furnace":1,"minecraft:bucket":1,"minecraft:birch_planks":8,"minecraft:iron_boots":1,"minecraft:iron_chestplate":1,"minecraft:shield":1,"minecraft:stick":32,"minecraft:iron_ingot":37,"minecraft:iron_pickaxe":1,"minecraft:stone_pickaxe":1,"minecraft:chest":1,"minecraft:iron_leggings":1,"minecraft:torch":92},"minecraft:custom":{"minecraft:interact_with_furnace":5,"minecraft:mob_kills":10,"minecraft:interact_with_crafting_table":15,"minecraft:time_since_death":33762,"minecraft:climb_one_cm":1227,"minecraft:time_since_rest":33802,"minecraft:sprint_one_cm":3330,"minecraft:damage_taken":854,"minecraft:walk_one_cm":365748,"minecraft:damage_blocked_by_shield":405,"minecraft:drop":13,"minecraft:damage_dealt":1959,"minecraft:fly_one_cm":2760,"minecraft:open_chest":10,"minecraft:play_time":69236,"minecraft:crouch_one_cm":6859,"minecraft:deaths":2,"minecraft:sneak_time":2675,"minecraft:walk_under_water_one_cm":20358,"minecraft:jump":1073,"minecraft:walk_on_water_one_cm":8004,"minecraft:total_world_time":69236,"minecraft:fall_one_cm":16659},"minecraft:mined":{"minecraft:flowering_azalea":1,"minecraft:jungle_leaves":1,"minecraft:torch":1,"minecraft:grass_block":6,"minecraft:melon":3,"minecraft:tall_grass":1,"minecraft:cobblestone":1,"minecraft:birch_log":2,"minecraft:iron_ore":29,"minecraft:birch_leaves":1,"minecraft:grass":5,"minecraft:oak_log":33,"minecraft:pointed_dripstone":4,"minecraft:coal_ore":137,"minecraft:gravel":2,"minecraft:dripstone_block":1,"minecraft:dirt":5,"minecraft:stripped_oak_log":1,"minecraft:stone":116,"minecraft:oak_leaves":20},"minecraft:dropped":{"minecraft:iron_sword":1,"minecraft:stone_axe":1,"minecraft:birch_sapling":1,"minecraft:raw_iron":8,"minecraft:cobblestone":80},"minecraft:killed_by":{"minecraft:skeleton":1,"minecraft:zombie":1},"minecraft:killed":{"minecraft:spider":2,"minecraft:skeleton":1,"minecraft:sheep":1,"minecraft:zombie":6},"minecraft:broken":{"minecraft:stone_pickaxe":1,"minecraft:wooden_axe":1},"minecraft:picked_up":{"minecraft:wooden_axe":1,"minecraft:birch_log":3,"minecraft:wooden_pickaxe":1,"minecraft:oak_log":55,"minecraft:dirt":49,"minecraft:string":4,"minecraft:bone":2,"minecraft:apple":1,"minecraft:iron_pickaxe":1,"minecraft:melon_slice":18,"minecraft:oak_planks":101,"minecraft:chest":1,"minecraft:birch_sapling":1,"minecraft:iron_sword":2,"minecraft:flowering_azalea":1,"minecraft:stick":27,"minecraft:raw_iron":29,"minecraft:torch":21,"minecraft:gravel":4,"minecraft:dripstone_block":1,"minecraft:pointed_dripstone":12,"minecraft:spider_eye":1,"minecraft:rotten_flesh":8,"minecraft:tropical_fish":10,"minecraft:stone_axe":4,"minecraft:bone_meal":1,"minecraft:golden_apple":1,"minecraft:oak_sapling":2,"minecraft:mutton":1,"minecraft:coal":191,"minecraft:white_wool":1,"minecraft:cobblestone":244,"minecraft:stripped_oak_log":1}},"DataVersion":3465}