{"stats":{"minecraft:used":{"minecraft:water_bucket":11,"minecraft:stone_pickaxe":131,"minecraft:wooden_pickaxe":3,"minecraft:chest":2,"minecraft:shield":19,"minecraft:iron_sword":107,"minecraft:torch":69,"minecraft:golden_apple":1,"minecraft:dirt":16,"minecraft:crafting_table":2,"minecraft:white_bed":1,"minecraft:axolotl_bucket":1,"minecraft:wooden_axe":24,"minecraft:melon_slice":11,"minecraft:iron_pickaxe":177,"minecraft:stone_axe":31,"minecraft:cobblestone":71,"minecraft:furnace":1,"minecraft:oak_sapling":1,"minecraft:bucket":13,"minecraft:pointed_dripstone":26},"minecraft:crafted":{"minecraft:oak_planks":136,"minecraft:crafting_table":2,"minecraft:wooden_pickaxe":1,"minecraft:iron_helmet":1,"minecraft:iron_sword":1,"minecraft:furnace":1,"minecraft:bucket":1,"minecraft:birch_planks":12,"minecraft:cooked_mutton":1,"minecraft:air":0,"minecraft:iron_boots":1,"minecraft:iron_chestplate":1,"minecraft:shield":1,"minecraft:stick":40,"minecraft:iron_ingot":74,"minecraft:iron_pickaxe":3,"minecraft:stone_pickaxe":1,"minecraft:chest":1,"minecraft:iron_leggings":1,"minecraft:white_bed":1,"minecraft:torch":92},"minecraft:custom":{"minecraft:interact_with_furnace":11,"minecraft:mob_kills":12,"minecraft:interact_with_crafting_table":18,"minecraft:time_since_death":57762,"minecraft:climb_one_cm":1227,"minecraft:time_since_rest":57802,"minecraft:sprint_one_cm":3330,"minecraft:damage_taken":885,"minecraft:walk_one_cm":480776,"minecraft:damage_blocked_by_shield":405,"minecraft:drop":13,"minecraft:damage_dealt":2432,"minecraft:fly_one_cm":3435,"minecraft:open_chest":18,"minecraft:play_time":93236,"minecraft:crouch_one_cm":6992,"minecraft:deaths":2,"minecraft:sneak_time":2800,"minecraft:walk_under_water_one_cm":27690,"minecraft:jump":1369,"minecraft:walk_on_water_one_cm":17671,"minecraft:total_world_time":93236,"minecraft:fall_one_cm":22738},"minecraft:mined":{"minecraft:flowering_azalea":1,"minecraft:jungle_leaves":1,"minecraft:torch":1,"minecraft:grass_block":6,"minecraft:melon":3,"minecraft:tall_grass":1,"minecraft:cobblestone":1,"minecraft:birch_log":2,"minecraft:iron_ore":29,"minecraft:birch_leaves":1,"minecraft:grass":5,"minecraft:oak_log":33,"minecraft:pointed_dripstone":18,"minecraft:coal_ore":137,"minecraft:gravel":2,"minecraft:dripstone_block":4,"minecraft:dirt":6,"minecraft:stripped_oak_log":1,"minecraft:stone":121,"minecraft:small_dripleaf":1,"minecraft:oak_leaves":20},"minecraft:dropped":{"minecraft:iron_sword":1,"minecraft:stone_axe":1,"minecraft:birch_sapling":1,"minecraft:raw_iron":8,"minecraft:cobblestone":80},"minecraft:killed_by":{"minecraft:skeleton":1,"minecraft:zombie":1},"minecraft:killed":{"minecraft:spider":2,"minecraft:skeleton":1,"minecraft:sheep":1,"minecraft:zombie":8},"minecraft:broken":{"minecraft:stone_pickaxe":1,"minecraft:wooden_axe":1},"minecraft:picked_up":{"minecraft:wooden_axe":1,"minecraft:birch_log":3,"minecraft:wooden_pickaxe":1,"minecraft:oak_log":55,"minecraft:dirt":49,"minecraft:string":5,"minecraft:bone":2,"minecraft:apple":1,"minecraft:iron_pickaxe":1,"minecraft:melon_slice":18,"minecraft:oak_planks":101,"minecraft:chest":1,"minecraft:birch_sapling":1,"minecraft:iron_sword":2,"minecraft:flowering_azalea":1,"minecraft:stick":27,"minecraft:raw_iron":29,"minecraft:torch":21,"minecraft:gravel":4,"minecraft:dripstone_block":3,"minecraft:pointed_dripstone":53,"minecraft:spider_eye":1,"minecraft:rotten_flesh":8,"minecraft:tropical_fish":30,"minecraft:stone_axe":4,"minecraft:bone_meal":1,"minecraft:golden_apple":1,"minecraft:oak_sapling":2,"minecraft:mutton":1,"minecraft:coal":191,"minecraft:white_wool":1,"minecraft:cobblestone":253,"minecraft:stripped_oak_log":1}},"DataVersion":3465}