{"stats":{"minecraft:used":{"minecraft:moss_block":4,"minecraft:tropical_fish":42,"minecraft:chest":2,"minecraft:shield":46,"minecraft:iron_sword":403,"minecraft:torch":285,"minecraft:dirt":20,"minecraft:axolotl_bucket":1,"minecraft:wooden_axe":24,"minecraft:melon_seeds":2,"minecraft:oak_sapling":1,"minecraft:furnace":2,"minecraft:egg":2,"minecraft:cooked_beef":3,"minecraft:potato":2,"minecraft:cobbled_deepslate":74,"minecraft:pointed_dripstone":26,"minecraft:wheat_seeds":45,"minecraft:cooked_mutton":3,"minecraft:water_bucket":12,"minecraft:stone_pickaxe":131,"minecraft:wooden_pickaxe":3,"minecraft:golden_apple":1,"minecraft:crafting_table":4,"minecraft:white_bed":1,"minecraft:dripstone_block":1,"minecraft:apple":1,"minecraft:melon_slice":18,"minecraft:bread":8,"minecraft:iron_pickaxe":1841,"minecraft:gravel":1,"minecraft:stone_axe":36,"minecraft:cobblestone":100,"minecraft:birch_log":1,"minecraft:bucket":14,"minecraft:bone_meal":38},"minecraft:crafted":{"minecraft:oak_planks":154,"minecraft:cooked_chicken":2,"minecraft:furnace":2,"minecraft:stone":48,"minecraft:bone_meal":15,"minecraft:cooked_mutton":5,"minecraft:iron_boots":1,"minecraft:stone_pickaxe":1,"minecraft:chest":1,"minecraft:cooked_beef":8,"minecraft:cooked_porkchop":6,"minecraft:crafting_table":4,"minecraft:wooden_pickaxe":1,"minecraft:iron_helmet":1,"minecraft:iron_sword":2,"minecraft:bucket":2,"minecraft:birch_planks":36,"minecraft:bread":6,"minecraft:air":0,"minecraft:iron_chestplate":1,"minecraft:shield":2,"minecraft:stick":120,"minecraft:iron_ingot":132,"minecraft:iron_pickaxe":10,"minecraft:iron_leggings":1,"minecraft:white_bed":1,"minecraft:torch":324,"minecraft:shears":1},"minecraft:custom":{"minecraft:mob_kills":48,"minecraft:interact_with_crafting_table":29,"minecraft:leave_game":7,"minecraft:time_since_death":67371,"minecraft:climb_one_cm":1410,"minecraft:sprint_one_cm":37136,"minecraft:walk_one_cm":1469402,"minecraft:damage_blocked_by_shield":1155,"minecraft:drop":43,"minecraft:play_time":286295,"minecraft:deaths":4,"minecraft:sneak_time":12747,"minecraft:walk_under_water_one_cm":87642,"minecraft:jump":3755,"minecraft:interact_with_blast_furnace":4,"minecraft:walk_on_water_one_cm":74403,"minecraft:total_world_time":286295,"minecraft:interact_with_furnace":37,"minecraft:time_since_rest":67589,"minecraft:damage_taken":2759,"minecraft:damage_dealt":7886,"minecraft:swim_one_cm":2628,"minecraft:fly_one_cm":31027,"minecraft:open_chest":77,"minecraft:crouch_one_cm":27702,"minecraft:fall_one_cm":57081},"minecraft:mined":{"minecraft:tuff":66,"minecraft:deepslate_diamond_ore":3,"minecraft:jungle_leaves":1,"minecraft:glow_lichen":1,"minecraft:granite":1,"minecraft:grass_block":8,"minecraft:iron_ore":29,"minecraft:cobbled_deepslate":12,"minecraft:deepslate_lapis_ore":6,"minecraft:pointed_dripstone":20,"minecraft:deepslate_iron_ore":33,"minecraft:stripped_oak_log":1,"minecraft:stone":143,"minecraft:deepslate_redstone_ore":19,"minecraft:flowering_azalea":1,"minecraft:clay":12,"minecraft:torch":2,"minecraft:melon":3,"minecraft:tall_grass":1,"minecraft:cobblestone":1,"minecraft:deepslate_gold_ore":6,"minecraft:wall_torch":9,"minecraft:big_dripleaf":1,"minecraft:birch_log":2,"minecraft:wheat":24,"minecraft:birch_leaves":1,"minecraft:grass":117,"minecraft:oak_log":33,"minecraft:coal_ore":182,"minecraft:gravel":10,"minecraft:dripstone_block":12,"minecraft:dirt":9,"minecraft:small_dripleaf":1,"minecraft:oak_leaves":24,"minecraft:deepslate":1404},"minecraft:dropped":{"minecraft:iron_sword":2,"minecraft:moss_block":8,"minecraft:birch_planks":6,"minecraft:wheat_seeds":8,"minecraft:glow_ink_sac":4,"minecraft:cobblestone":80,"minecraft:iron_pickaxe":1,"minecraft:string":6,"minecraft:stone_axe":1,"minecraft:moss_carpet":10,"minecraft:cobbled_deepslate":4,"minecraft:birch_sapling":1,"minecraft:raw_iron":8,"minecraft:cooked_mutton":1,"minecraft:azalea":2,"minecraft:arrow":3,"minecraft:raw_gold":1},"minecraft:killed_by":{"minecraft:creeper":1,"minecraft:warden":1,"minecraft:skeleton":1,"minecraft:zombie":1},"minecraft:killed":{"minecraft:spider":6,"minecraft:skeleton":7,"minecraft:chicken":2,"minecraft:pig":5,"minecraft:zombie_villager":1,"minecraft:creeper":1,"minecraft:sheep":3,"minecraft:zombie":17,"minecraft:cow":3},"minecraft:broken":{"minecraft:stone_pickaxe":1,"minecraft:iron_pickaxe":7,"minecraft:wooden_axe":1},"minecraft:picked_up":{"minecraft:wooden_axe":1,"minecraft:wheat":19,"minecraft:chicken":2,"minecraft:clay_ball":54,"minecraft:wooden_pickaxe":1,"minecraft:shield":1,"minecraft:string":12,"minecraft:moss_carpet":10,"minecraft:cobbled_deepslate":1244,"minecraft:beef":3,"minecraft:azalea":2,"minecraft:iron_pickaxe":4,"minecraft:melon_slice":18,"minecraft:chest":1,"minecraft:birch_sapling":1,"minecraft:egg":1,"minecraft:stick":29,"minecraft:raw_iron":139,"minecraft:big_dripleaf":1,"minecraft:torch":78,"minecraft:porkchop":6,"minecraft:pointed_dripstone":54,"minecraft:redstone":70,"minecraft:arrow":7,"minecraft:rotten_flesh":18,"minecraft:tropical_fish":108,"minecraft:mutton":5,"minecraft:cobblestone":279,"minecraft:white_wool":3,"minecraft:stripped_oak_log":1,"minecraft:birch_log":3,"minecraft:cooked_beef":5,"minecraft:feather":3,"minecraft:glow_ink_sac":11,"minecraft:leather":2,"minecraft:birch_planks":6,"minecraft:tuff":64,"minecraft:oak_log":55,"minecraft:gunpowder":1,"minecraft:dirt":54,"minecraft:cooked_mutton":8,"minecraft:bone":6,"minecraft:apple":1,"minecraft:wheat_seeds":66,"minecraft:raw_gold":89,"minecraft:spore_blossom":1,"minecraft:moss_block":16,"minecraft:flowering_azalea":1,"minecraft:oak_planks":132,"minecraft:iron_sword":3,"minecraft:cooked_porkchop":2,"minecraft:gravel":5,"minecraft:dripstone_block":9,"minecraft:spider_eye":1,"minecraft:diamond":8,"minecraft:stone_axe":4,"minecraft:bone_meal":3,"minecraft:golden_apple":1,"minecraft:bread":1,"minecraft:oak_sapling":2,"minecraft:coal":269}},"DataVersion":3465}